mysqldump: [Warning] Using a password on the command line interface can be insecure.
-- MySQL dump 10.13  Distrib 8.3.0, for Win64 (x86_64)
--
-- Host: localhost    Database: carwash_db
-- ------------------------------------------------------
-- Server version	8.3.0

/*!40101 SET @OLD_CHARACTER_SET_CLIENT=@@CHARACTER_SET_CLIENT */;
/*!40101 SET @OLD_CHARACTER_SET_RESULTS=@@CHARACTER_SET_RESULTS */;
/*!40101 SET @OLD_COLLATION_CONNECTION=@@COLLATION_CONNECTION */;
/*!50503 SET NAMES utf8mb4 */;
/*!40103 SET @OLD_TIME_ZONE=@@TIME_ZONE */;
/*!40103 SET TIME_ZONE='+00:00' */;
/*!40014 SET @OLD_UNIQUE_CHECKS=@@UNIQUE_CHECKS, UNIQUE_CHECKS=0 */;
/*!40014 SET @OLD_FOREIGN_KEY_CHECKS=@@FOREIGN_KEY_CHECKS, FOREIGN_KEY_CHECKS=0 */;
/*!40101 SET @OLD_SQL_MODE=@@SQL_MODE, SQL_MODE='NO_AUTO_VALUE_ON_ZERO' */;
/*!40111 SET @OLD_SQL_NOTES=@@SQL_NOTES, SQL_NOTES=0 */;

--
-- Table structure for table `activity_log`
--

DROP TABLE IF EXISTS `activity_log`;
/*!40101 SET @saved_cs_client     = @@character_set_client */;
/*!50503 SET character_set_client = utf8mb4 */;
CREATE TABLE `activity_log` (
  `id` int NOT NULL,
  `user_id` int NOT NULL,
  `username` varchar(100) COLLATE utf8mb4_general_ci NOT NULL,
  `action` varchar(255) COLLATE utf8mb4_general_ci NOT NULL,
  `details` text COLLATE utf8mb4_general_ci,
  `ip_address` varchar(50) COLLATE utf8mb4_general_ci DEFAULT NULL,
  `created_at` timestamp NOT NULL DEFAULT CURRENT_TIMESTAMP
) ENGINE=InnoDB DEFAULT CHARSET=utf8mb4 COLLATE=utf8mb4_general_ci;
/*!40101 SET character_set_client = @saved_cs_client */;

--
-- Dumping data for table `activity_log`
--

LOCK TABLES `activity_log` WRITE;
/*!40000 ALTER TABLE `activity_log` DISABLE KEYS */;
INSERT INTO `activity_log` VALUES (0,1,'Administrator','Login Success','User logged in successfully','::1','2025-11-19 09:56:10'),(0,1,'Administrator','Dashboard Access','Admin dashboard accessed','::1','2025-11-19 09:56:11'),(0,1,'Administrator','Dashboard Access','Admin dashboard accessed','::1','2025-11-19 09:56:34'),(0,1,'Administrator','Update Service','Updated service ID 63: customer=\'FRED\', vehicle=\'UAL 967Q\', service=\'Full Wash\', price=5000, payment_status=\'Paid\'','::1','2025-11-19 10:02:25'),(0,1,'Administrator','Update Service','Updated service ID 62: customer=\'MARVIN\', vehicle=\'UBB133N\', service=\'Full Wash\', price=5000, payment_status=\'Paid\'','::1','2025-11-19 10:02:30'),(0,1,'Administrator','Update Service','Updated service ID 61: customer=\'TIMOTHY\', vehicle=\'UBB133N\', service=\'Full Wash\', price=5000, payment_status=\'Paid\'','::1','2025-11-19 10:02:37'),(0,1,'Administrator','Update Service','Updated service ID 60: customer=\'MAVIN\', vehicle=\'UA 232BV\', service=\'Full Wash\', price=5000, payment_status=\'Paid\'','::1','2025-11-19 10:02:43'),(0,1,'Administrator','Update Service','Updated service ID 59: customer=\'MAVIN\', vehicle=\'UAL 967Q\', service=\'Full Wash\', price=5000, payment_status=\'Paid\'','::1','2025-11-19 10:02:47'),(0,1,'Administrator','Update Service','Updated service ID 58: customer=\'TIMOTHY\', vehicle=\'UBH 600P\', service=\'Full Wash\', price=5000, payment_status=\'Paid\'','::1','2025-11-19 10:02:52'),(0,1,'Administrator','Update Service','Updated service ID 56: customer=\'FRED\', vehicle=\'UBH 600P\', service=\'Full Wash\', price=5000, payment_status=\'Paid\'','::1','2025-11-19 10:03:05'),(0,1,'Administrator','Update Service','Updated service ID 57: customer=\'TIMOTHY\', vehicle=\'UBH 600P\', service=\'Full Wash\', price=5000, payment_status=\'Paid\'','::1','2025-11-19 10:03:16'),(0,1,'Administrator','Update Service','Updated service ID 55: customer=\'MAVIN\', vehicle=\'UA 789H\', service=\'Full Wash\', price=5000, payment_status=\'Paid\'','::1','2025-11-19 10:04:29'),(0,1,'Administrator','Update Service','Updated service ID 54: customer=\'MAVIN\', vehicle=\'UA 789H\', service=\'Full Wash\', price=5000, payment_status=\'Paid\'','::1','2025-11-19 10:04:35'),(0,1,'Administrator','Update Service','Updated service ID 11: customer=\'Mulabbi\', vehicle=\'UA 789H\', service=\'Full Wash\', price=5000, payment_status=\'Paid\'','::1','2025-11-19 10:05:09'),(0,1,'Administrator','Update Service','Updated service ID 12: customer=\'Kato Frank\', vehicle=\'UBL 835S\', service=\'Full Wash\', price=5000, payment_status=\'Paid\'','::1','2025-11-19 10:05:20'),(0,1,'Administrator','Update Service','Updated service ID 13: customer=\'Misairi\', vehicle=\'UBH 600P\', service=\'Full Wash\', price=5000, payment_status=\'Paid\'','::1','2025-11-19 10:05:28'),(0,1,'Administrator','Update Service','Updated service ID 15: customer=\'TIMOTHY\', vehicle=\'UBB133N\', service=\'Full Wash\', price=5000, payment_status=\'Paid\'','::1','2025-11-19 10:05:36'),(0,1,'Administrator','Update Service','Updated service ID 53: customer=\'MAVIN\', vehicle=\'UA 232BV\', service=\'Full Wash\', price=5000, payment_status=\'Paid\'','::1','2025-11-19 10:05:52'),(0,1,'Administrator','Update Service','Updated service ID 14: customer=\'Crepper\', vehicle=\'UA 232BV\', service=\'Full Wash\', price=5000, payment_status=\'Paid\'','::1','2025-11-19 10:06:05'),(0,1,'Administrator','Update Service','Updated service ID 16: customer=\'MAVIN\', vehicle=\'UAL 967Q\', service=\'Full Wash\', price=5000, payment_status=\'Paid\'','::1','2025-11-19 10:06:14'),(0,1,'Administrator','Update Service','Updated service ID 17: customer=\'TIMOTHY\', vehicle=\'UA 983CF\', service=\'Full Wash\', price=5000, payment_status=\'Paid\'','::1','2025-11-19 10:06:24'),(0,1,'Administrator','Update Service','Updated service ID 18: customer=\'Timothy\', vehicle=\'UBR 9072\', service=\'Full Wash\', price=5000, payment_status=\'Paid\'','::1','2025-11-19 10:06:35'),(0,1,'Administrator','Update Service','Updated service ID 19: customer=\'FRED\', vehicle=\'UBJ 903C\', service=\'Full Wash\', price=5000, payment_status=\'Paid\'','::1','2025-11-19 10:06:44'),(0,1,'Administrator','Update Service','Updated service ID 20: customer=\'MAVIN\', vehicle=\'UBB133N\', service=\'Full Wash\', price=5000, payment_status=\'Paid\'','::1','2025-11-19 10:06:55'),(0,1,'Administrator','Update Service','Updated service ID 21: customer=\'MAVIN\', vehicle=\'UBH 600P\', service=\'Full Wash\', price=5000, payment_status=\'Paid\'','::1','2025-11-19 10:07:04'),(0,1,'Administrator','Update Service','Updated service ID 22: customer=\'TIMOTHY\', vehicle=\'UBN 787G\', service=\'Full Wash\', price=5000, payment_status=\'Paid\'','::1','2025-11-19 10:07:14'),(0,1,'Administrator','Update Service','Updated service ID 23: customer=\'TIMOTHY\', vehicle=\'UA 509AX\', service=\'Full Wash\', price=5000, payment_status=\'Paid\'','::1','2025-11-19 10:07:23'),(0,1,'Administrator','Update Service','Updated service ID 26: customer=\'MAVIN\', vehicle=\'UAU 088Y\', service=\'Full Wash\', price=5000, payment_status=\'Paid\'','::1','2025-11-19 10:07:30'),(0,1,'Administrator','Update Service','Updated service ID 27: customer=\'MAVIN\', vehicle=\'UBE737J\', service=\'Full Wash\', price=5000, payment_status=\'Paid\'','::1','2025-11-19 10:07:43'),(0,1,'Administrator','Failed Update Service','Failed to update service ID 53. Details: No rows affected (access denied or ID not found)','::1','2025-11-19 10:07:55'),(0,1,'Administrator','Update Service','Updated service ID 28: customer=\'TIMOTHY\', vehicle=\'UBM 971U\', service=\'Full Wash\', price=5000, payment_status=\'Paid\'','::1','2025-11-19 10:08:03'),(0,1,'Administrator','Update Service','Updated service ID 29: customer=\'mavin\', vehicle=\'UA 678J\', service=\'Full Wash\', price=5000, payment_status=\'Paid\'','::1','2025-11-19 10:08:12'),(0,1,'Administrator','Update Service','Updated service ID 30: customer=\'Timothy\', vehicle=\'UBR 9072\', service=\'Full Wash\', price=5000, payment_status=\'Paid\'','::1','2025-11-19 10:08:21'),(0,1,'Administrator','Update Service','Updated service ID 31: customer=\'Timothy\', vehicle=\'UBM442H\', service=\'Full Wash\', price=5000, payment_status=\'Paid\'','::1','2025-11-19 10:08:29'),(0,1,'Administrator','Update Service','Updated service ID 32: customer=\'mavin\', vehicle=\'UBJ 903C\', service=\'Full Wash\', price=5000, payment_status=\'Paid\'','::1','2025-11-19 10:08:37'),(0,1,'Administrator','Update Service','Updated service ID 33: customer=\'Timothy\', vehicle=\'UBJ 903C\', service=\'Full Wash\', price=5000, payment_status=\'Paid\'','::1','2025-11-19 10:08:50'),(0,1,'Administrator','Update Service','Updated service ID 34: customer=\'mavin\', vehicle=\'UBR 9072\', service=\'Full Wash\', price=5000, payment_status=\'Paid\'','::1','2025-11-19 10:09:00'),(0,1,'Administrator','Update Service','Updated service ID 35: customer=\'mavin\', vehicle=\'UBJ 903C\', service=\'Full Wash\', price=5000, payment_status=\'Paid\'','::1','2025-11-19 10:09:09'),(0,1,'Administrator','Update Service','Updated service ID 36: customer=\'MAVIN\', vehicle=\'UFG55\', service=\'Full Wash\', price=5000, payment_status=\'Paid\'','::1','2025-11-19 10:09:21'),(0,1,'Administrator','Update Service','Updated service ID 37: customer=\'MAVIN\', vehicle=\'UA 232BV\', service=\'Full Wash\', price=5000, payment_status=\'Paid\'','::1','2025-11-19 10:09:40'),(0,1,'Administrator','Update Service','Updated service ID 38: customer=\'TIMOTHY\', vehicle=\'UBB133N\', service=\'Full Wash\', price=5000, payment_status=\'Paid\'','::1','2025-11-19 10:09:49'),(0,1,'Administrator','Update Service','Updated service ID 39: customer=\'TIMOTHY\', vehicle=\'UBB133N\', service=\'Full Wash\', price=5000, payment_status=\'Paid\'','::1','2025-11-19 10:09:58'),(0,1,'Administrator','Update Service','Updated service ID 43: customer=\'MAVIN\', vehicle=\'UAL 967Q\', service=\'Full Wash\', price=5000, payment_status=\'Paid\'','::1','2025-11-19 10:10:07'),(0,1,'Administrator','Update Service','Updated service ID 44: customer=\'MAVIN\', vehicle=\'UAL 110Q\', service=\'Full Wash\', price=5000, payment_status=\'Paid\'','::1','2025-11-19 10:10:16'),(0,1,'Administrator','Update Service','Updated service ID 45: customer=\'MAVIN\', vehicle=\'UBE 658S\', service=\'Full Wash\', price=5000, payment_status=\'Paid\'','::1','2025-11-19 10:10:24'),(0,1,'Administrator','Update Service','Updated service ID 47: customer=\'TIMOTHY\', vehicle=\'UAL 967Q\', service=\'Full Wash\', price=5000, payment_status=\'Paid\'','::1','2025-11-19 10:10:32'),(0,1,'Administrator','Update Service','Updated service ID 48: customer=\'TIMOTHY\', vehicle=\'UBL 835S\', service=\'Full Wash\', price=5000, payment_status=\'Paid\'','::1','2025-11-19 10:10:42'),(0,1,'Administrator','Update Service','Updated service ID 46: customer=\'TIMOTHY\', vehicle=\'UBH 600P\', service=\'Full Wash\', price=5000, payment_status=\'Paid\'','::1','2025-11-19 10:10:51'),(0,1,'Administrator','Update Service','Updated service ID 49: customer=\'TIMOTHY\', vehicle=\'UAL 967Q\', service=\'Full Wash\', price=5000, payment_status=\'Paid\'','::1','2025-11-19 10:11:04'),(0,1,'Administrator','Update Service','Updated service ID 50: customer=\'MAVIN\', vehicle=\'UA 232BV\', service=\'Full Wash\', price=5000, payment_status=\'Paid\'','::1','2025-11-19 10:11:14'),(0,1,'Administrator','Update Service','Updated service ID 51: customer=\'MAVIN\', vehicle=\'UBH 600P\', service=\'Full Wash\', price=5000, payment_status=\'Paid\'','::1','2025-11-19 10:11:21'),(0,1,'Administrator','Update Service','Updated service ID 52: customer=\'MAVIN\', vehicle=\'UAL 967Q\', service=\'Full Wash\', price=5000, payment_status=\'Paid\'','::1','2025-11-19 10:11:29'),(0,1,'Administrator','Update Service','Updated service ID 63: customer=\'FRED\', vehicle=\'UAL 967Q\', service=\'Full Wash\', price=5000, payment_status=\'nopay\'','::1','2025-11-19 10:21:24'),(0,1,'Administrator','Dashboard Access','Admin dashboard accessed','::1','2025-11-19 10:24:27'),(0,1,'Administrator','Dashboard Access','Admin dashboard accessed','::1','2025-11-19 10:24:41'),(0,1,'Administrator','Dashboard Access','Admin dashboard accessed','::1','2025-11-19 10:32:33'),(0,1,'Administrator','Database Backup Success','Backup saved to C:\\wamp64\\www\\Car-Wash11/backups/backup_2025-11-19_10-32-38.sql','::1','2025-11-19 10:32:39'),(0,1,'Administrator','Dashboard Access','Admin dashboard accessed','::1','2025-11-19 10:34:16'),(0,1,'Administrator','Dashboard Access','Admin dashboard accessed','::1','2025-11-19 10:35:23'),(0,1,'Administrator','Dashboard Access','Admin dashboard accessed','::1','2025-11-19 10:36:17'),(0,1,'Administrator','Dashboard Access','Admin dashboard accessed','::1','2025-11-19 10:36:20'),(0,6,'Kevin','Login Success','User logged in successfully','192.168.1.78','2025-11-19 10:36:39'),(0,6,'Kevin','Dashboard Access','Staff dashboard accessed','192.168.1.78','2025-11-19 10:36:39'),(0,6,'Kevin','Dashboard Access','Staff dashboard accessed','192.168.1.78','2025-11-19 10:36:59'),(0,6,'Kevin','Dashboard Access','Staff dashboard accessed','192.168.1.78','2025-11-19 10:37:18'),(0,6,'Kevin','Dashboard Access','Staff dashboard accessed','192.168.1.78','2025-11-19 10:37:46'),(0,1,'Administrator','Update Service','Updated service ID 63: customer=\'FRED\', vehicle=\'UAL 967Q\', service=\'Full Wash\', price=5000, payment_status=\'Paid\'','::1','2025-11-19 10:39:13'),(0,1,'Administrator','Dashboard Access','Admin dashboard accessed','::1','2025-11-19 10:40:12'),(0,6,'Kevin','Add Service','Added service for TIMOTHY, Vehicle: UBB133N, Type: TX, Service: Full Wash, Price: 5000 UGX, Payment: paid','192.168.1.78','2025-11-19 10:41:39'),(0,1,'Administrator','Dashboard Access','Admin dashboard accessed','::1','2025-11-19 10:42:09'),(0,6,'Kevin','Add Service','Added service for TIMOTHY, Vehicle: UA 789H, Type: probox, Service: Full Wash, Price: 5000 UGX, Payment: paid','192.168.1.78','2025-11-19 10:42:10'),(0,1,'Administrator','Database Backup Success','Backup saved to C:\\wamp64\\www\\Car-Wash/backups/backup_2025-11-19_10-42-18.sql','::1','2025-11-19 10:42:18'),(0,1,'Administrator','Dashboard Access','Admin dashboard accessed','::1','2025-11-19 10:43:00'),(0,1,'Administrator','Dashboard Access','Admin dashboard accessed','::1','2025-11-19 10:43:13'),(0,1,'Administrator','Dashboard Access','Admin dashboard accessed','::1','2025-11-19 10:43:19'),(0,6,'Kevin','Add Service','Added service for FRED, Vehicle: UBH 600P, Type: BIKE, Service: Engine Wash, Price: 3000 UGX, Payment: paid','192.168.1.78','2025-11-19 10:43:24'),(0,1,'Administrator','Logout','User logged out','::1','2025-11-19 10:43:47'),(0,6,'Kevin','Add Service','Added service for FRED, Vehicle: UA 232BV, Type: WISH, Service: Full Wash, Price: 5000 UGX, Payment: paid','192.168.1.78','2025-11-19 10:43:47'),(0,6,'Kevin','Login Success','User logged in successfully','::1','2025-11-19 10:43:56'),(0,6,'Kevin','Dashboard Access','Staff dashboard accessed','::1','2025-11-19 10:43:56'),(0,6,'Kevin','Add Service','Added service for TIMOTHY, Vehicle: UBL 835S, Type: RAV 4, Service: Full Wash, Price: 5000 UGX, Payment: paid','192.168.1.78','2025-11-19 10:44:18'),(0,6,'Kevin','Add Service','Added service for MAVIN, Vehicle: UBH 600P, Type: TX, Service: Full Wash, Price: 5000 UGX, Payment: paid','192.168.1.78','2025-11-19 10:45:12'),(0,6,'Kevin','Add Service','Added service for TIMOTHY, Vehicle: UAL 967Q, Type: NOAH, Service: Full Wash, Price: 5000 UGX, Payment: paid','192.168.1.78','2025-11-19 10:45:45'),(0,6,'Kevin','Add Service','Added service for TIMOTHY, Vehicle: UBL 835S, Type: SUBARU, Service: Full Wash, Price: 5000 UGX, Payment: paid','192.168.1.78','2025-11-19 10:46:11'),(0,6,'Unknown','Generate Service PDF','Generated service PDF with filters: Search=\'ubl\', From=\'\', To=\'\', Limit=\'10\', Total Records: 0','::1','2025-11-19 10:46:20'),(0,6,'Kevin','Add Service','Added service for MAVIN, Vehicle: UA 789H, Type: RANGE ROVER, Service: Full Wash, Price: 5000 UGX, Payment: paid','192.168.1.78','2025-11-19 10:46:49'),(0,6,'Kevin','Add Service','Added service for FRED, Vehicle: UAL 967Q, Type: HARRIER, Service: Full Wash, Price: 5000 UGX, Payment: paid','192.168.1.78','2025-11-19 10:47:14'),(0,6,'Kevin','Add Service','Added service for TIMOTHY, Vehicle: UBH 600P, Type: HARRIER, Service: Full Wash, Price: 5000 UGX, Payment: paid','192.168.1.78','2025-11-19 10:47:37'),(0,6,'Kevin','Add Service','Added service for FRED, Vehicle: UBL 835S, Type: LEGACY, Service: Full Wash, Price: 5000 UGX, Payment: paid','192.168.1.78','2025-11-19 10:48:39'),(0,6,'Kevin','Add Service','Added service for FRED, Vehicle: UA 789H, Type: PROBOX, Service: Full Wash, Price: 5000 UGX, Payment: paid','192.168.1.78','2025-11-19 10:49:11'),(0,6,'Kevin','Add Service','Added service for TIMOTHY, Vehicle: UBH 600P, Type: HILUX, Service: Full Wash, Price: 5000 UGX, Payment: paid','192.168.1.78','2025-11-19 10:49:40'),(0,6,'Kevin','Add Service','Added service for FRED, Vehicle: UBL 835S, Type: FILDER, Service: Full Wash, Price: 5000 UGX, Payment: paid','192.168.1.78','2025-11-19 10:50:13'),(0,6,'Administrator','Generate Service PDF','Generated service PDF with filters: Search=\'ubl\', From=\'\', To=\'\', Limit=\'10\', Total Records: 6','::1','2025-11-19 10:50:14'),(0,6,'Administrator','Generate Service PDF','Generated service PDF with filters: Search=\'ubl\', From=\'\', To=\'\', Limit=\'10\', Total Records: 6','::1','2025-11-19 10:50:33'),(0,6,'Administrator','Generate Service PDF','Generated service PDF with filters: Search=\'ubl\', From=\'\', To=\'\', Limit=\'10\', Total Records: 6','::1','2025-11-19 10:51:39'),(0,6,'Administrator','Generate Service PDF','Generated service PDF with filters: Search=\'nop\', From=\'\', To=\'\', Limit=\'10\', Total Records: 0','::1','2025-11-19 10:52:03'),(0,6,'Administrator','Generate Service PDF','Generated service PDF with filters: Search=\'pre\', From=\'\', To=\'\', Limit=\'25\', Total Records: 2','::1','2025-11-19 10:52:17'),(0,6,'Kevin','Add Service','Added service for TIMOTHY, Vehicle: UAL 967Q, Type: HARRIER, Service: Full Wash, Price: 5000 UGX, Payment: paid','192.168.1.78','2025-11-19 10:52:21'),(0,6,'Kevin','Dashboard Access','Admin dashboard accessed','::1','2025-11-19 10:52:49'),(0,6,'Kevin','Add Service','Added service for FRED, Vehicle: UBH 600P, Type: PROBOX, Service: Full Wash, Price: 5000 UGX, Payment: paid','192.168.1.78','2025-11-19 10:52:57'),(0,6,'Kevin','Add Service','Added service for FRED, Vehicle: UBL 835S, Type: WISH, Service: Full Wash, Price: 5000 UGX, Payment: paid','192.168.1.78','2025-11-19 10:53:26'),(0,6,'Kevin','Dashboard Access','Admin dashboard accessed','::1','2025-11-19 10:53:27'),(0,6,'Kevin','Database Backup Success','Backup saved to C:\\wamp64\\www\\Car-Wash/backups/backup_2025-11-19_10-53-47.sql','::1','2025-11-19 10:53:47'),(0,6,'Kevin','Add Service','Added service for TIMOTHY, Vehicle: UBL 835S, Type: ALEX, Service: Full Wash, Price: 5000 UGX, Payment: paid','192.168.1.78','2025-11-19 10:53:53'),(0,6,'Kevin','Viewed Users Page','','::1','2025-11-19 10:54:04'),(0,6,'Kevin','Dashboard Access','Admin dashboard accessed','::1','2025-11-19 10:54:10'),(0,6,'Kevin','Logout','User logged out','::1','2025-11-19 10:54:24'),(0,6,'Kevin','Add Service','Added service for FRED, Vehicle: UBB133N, Type: VITZ, Service: Full Wash, Price: 5000 UGX, Payment: paid','192.168.1.78','2025-11-19 10:54:29'),(0,0,'Administrator','Login Failed','Invalid password attempt','::1','2025-11-19 10:55:08'),(0,1,'Administrator','Login Success','User logged in successfully','::1','2025-11-19 10:55:29'),(0,1,'Administrator','Dashboard Access','Admin dashboard accessed','::1','2025-11-19 10:55:30'),(0,1,'Administrator','Dashboard Access','Admin dashboard accessed','::1','2025-11-19 10:55:50'),(0,1,'Administrator','Dashboard Access','Admin dashboard accessed','::1','2025-11-19 10:55:58'),(0,1,'Administrator','Dashboard Access','Admin dashboard accessed','::1','2025-11-19 10:56:05'),(0,1,'Administrator','Dashboard Access','Admin dashboard accessed','::1','2025-11-19 10:57:23'),(0,1,'Administrator','Logout','User logged out','::1','2025-11-19 10:57:25'),(0,6,'Kevin','Add Service','Added service for FRED, Vehicle: UBH 600P, Type: MARK X, Service: Full Wash, Price: 5000 UGX, Payment: paid','192.168.1.78','2025-11-19 10:57:26'),(0,0,'kevin','Login Failed','Invalid password attempt','::1','2025-11-19 10:57:40'),(0,6,'Kevin','Login Success','User logged in successfully','::1','2025-11-19 10:57:51'),(0,6,'Kevin','Dashboard Access','Staff dashboard accessed','::1','2025-11-19 10:57:51'),(0,6,'Kevin','Dashboard Access','Staff dashboard accessed','::1','2025-11-19 10:57:57'),(0,6,'Kevin','Add Service','Added service for TIMOTHY, Vehicle: UBH 600P, Type: V8, Service: Full Wash, Price: 5000 UGX, Payment: paid','192.168.1.78','2025-11-19 10:57:58'),(0,6,'Kevin','Logout','User logged out','::1','2025-11-19 10:58:30'),(0,6,'Kevin','Add Service','Added service for TIMOTHY, Vehicle: UBB133N, Type: SEINTA, Service: Full Wash, Price: 5000 UGX, Payment: paid','192.168.1.78','2025-11-19 10:58:51'),(0,1,'Administrator','Login Success','User logged in successfully','::1','2025-11-19 10:58:52'),(0,1,'Administrator','Dashboard Access','Admin dashboard accessed','::1','2025-11-19 10:58:52'),(0,1,'Unknown','Generate Service PDF','Generated service PDF with filters: Search=\'\', From=\'\', To=\'\', Limit=\'All\', Total Records: 71','::1','2025-11-19 11:03:46'),(0,1,'Administrator','Update Service','Updated service ID 11: customer=\'Timothy\', vehicle=\'UA 789H\', service=\'Full Wash\', price=5000, payment_status=\'Paid\'','::1','2025-11-19 11:04:55'),(0,1,'Administrator','Update Service','Updated service ID 13: customer=\'Timothy\', vehicle=\'UBH 600P\', service=\'Full Wash\', price=5000, payment_status=\'Paid\'','::1','2025-11-19 11:05:17'),(0,1,'Administrator','Update Service','Updated service ID 12: customer=\'Timothy\', vehicle=\'UBL 835S\', service=\'Full Wash\', price=5000, payment_status=\'Paid\'','::1','2025-11-19 11:05:34'),(0,1,'Unknown','Generate Service PDF','Generated service PDF with filters: Search=\'\', From=\'\', To=\'\', Limit=\'All\', Total Records: 71','::1','2025-11-19 11:05:42'),(0,1,'Unknown','Generate Service PDF','Generated service PDF with filters: Search=\'\', From=\'\', To=\'\', Limit=\'All\', Total Records: 71','::1','2025-11-19 11:07:16'),(0,1,'Unknown','Generate Service PDF','Generated service PDF with filters: Search=\'\', From=\'\', To=\'\', Limit=\'10\', Total Records: 10','::1','2025-11-19 11:08:56'),(0,1,'Unknown','Generate Service PDF','Generated service PDF with filters: Search=\'\', From=\'\', To=\'\', Limit=\'All\', Total Records: 71','::1','2025-11-19 11:09:13'),(0,1,'Administrator','Dashboard Access','Admin dashboard accessed','::1','2025-11-19 11:09:44'),(0,1,'Administrator','Generate Activity PDF','Generated activity PDF with filters: Search=\'\', From=\'\', To=\'\', Limit=\'All\', Total Records: 135','::1','2025-11-19 11:10:52'),(0,1,'Administrator','Dashboard Access','Admin dashboard accessed','::1','2025-11-19 11:11:49'),(0,1,'Administrator','Dashboard Access','Admin dashboard accessed','::1','2025-11-19 11:12:08'),(0,1,'Administrator','Dashboard Access','Admin dashboard accessed','::1','2025-11-19 11:12:13'),(0,1,'Administrator','Viewed Reports Page','','::1','2025-11-19 11:12:27'),(0,1,'Administrator','Generate Service PDF','Generated service PDF with filters: Search=\'\', From=\'2025-11-19\', To=\'\', Limit=\'All\', Total Records: 23','::1','2025-11-19 11:13:01'),(0,1,'Administrator','Dashboard Access','Admin dashboard accessed','::1','2025-11-19 11:13:54'),(0,1,'Administrator','Logout','User logged out','::1','2025-11-19 11:14:12'),(0,6,'Kevin','Login Success','User logged in successfully','192.168.1.78','2025-11-19 17:29:50'),(0,6,'Kevin','Dashboard Access','Staff dashboard accessed','192.168.1.78','2025-11-19 17:29:50'),(0,6,'Kevin','Add Service','Added service for FRED, Vehicle: UBH 600P, Type: PREIMO, Service: Full Wash, Price: 5000 UGX, Payment: paid','192.168.1.78','2025-11-19 17:30:49'),(0,6,'Kevin','Add Service','Added service for TIMOTHY, Vehicle: UBH 600P, Type: BIKE, Service: Full Wash, Price: 5000 UGX, Payment: nopay','192.168.1.78','2025-11-19 17:31:28'),(0,6,'Kevin','Add Service','Added service for TIMOTHY, Vehicle: UA 789H, Type: RAV 4, Service: Full Wash, Price: 5000 UGX, Payment: paid','192.168.1.78','2025-11-19 17:33:52'),(0,6,'Kevin','Add Service','Added service for TIMOTHY, Vehicle: UA 232BV, Type: VITZ, Service: Full Wash, Price: 5000 UGX, Payment: nopay','192.168.1.78','2025-11-19 17:34:19'),(0,6,'Kevin','Add Service','Added service for TIMOTHY, Vehicle: UA 789H, Type: SUBARIU, Service: Full Wash, Price: 5000 UGX, Payment: nopay','192.168.1.78','2025-11-19 17:34:51'),(0,6,'Kevin','Add Service','Added service for TIMOTHY, Vehicle: UBB133N, Type: HILUX, Service: Full Wash, Price: 5000 UGX, Payment: nopay','192.168.1.78','2025-11-19 17:35:38'),(0,6,'Kevin','Add Service','Added service for FRED, Vehicle: UBH 600P, Type: BENZ, Service: Full Wash, Price: 5000 UGX, Payment: paid','192.168.1.78','2025-11-19 17:36:08'),(0,6,'Kevin','Add Service','Added service for FRED, Vehicle: UAL 967Q, Type: FILDER, Service: Full Wash, Price: 5000 UGX, Payment: paid','192.168.1.78','2025-11-19 17:37:11'),(0,6,'Kevin','Dashboard Access','Staff dashboard accessed','192.168.1.78','2025-11-19 17:41:42'),(0,6,'Kevin','Login Success','User logged in successfully','192.168.1.78','2025-11-21 08:38:50'),(0,6,'Kevin','Dashboard Access','Staff dashboard accessed','192.168.1.78','2025-11-21 08:38:50'),(0,6,'Kevin','Generate Service PDF','Generated service PDF with filters: Search=\'NOP\', From=\'\', To=\'\', Limit=\'All\', Total Records: 0','192.168.1.78','2025-11-21 08:40:21'),(0,6,'Kevin','Generate Service PDF','Generated service PDF with filters: Search=\'NOP\', From=\'\', To=\'\', Limit=\'All\', Total Records: 0','192.168.1.78','2025-11-21 08:40:22'),(0,6,'Kevin','Generate Service PDF','Generated service PDF with filters: Search=\'nop\', From=\'\', To=\'\', Limit=\'10\', Total Records: 0','192.168.1.78','2025-11-21 08:40:49'),(0,6,'Kevin','Generate Service PDF','Generated service PDF with filters: Search=\'nop\', From=\'\', To=\'\', Limit=\'10\', Total Records: 0','192.168.1.78','2025-11-21 08:40:50'),(0,6,'Kevin','Generate Service PDF','Generated service PDF with filters: Search=\'nop\', From=\'\', To=\'\', Limit=\'10\', Total Records: 0','192.168.1.78','2025-11-21 08:41:17'),(0,6,'Kevin','Generate Service PDF','Generated service PDF with filters: Search=\'nop\', From=\'\', To=\'\', Limit=\'10\', Total Records: 0','192.168.1.78','2025-11-21 08:41:18'),(0,6,'Kevin','Logout','User logged out','192.168.1.78','2025-11-21 08:42:23'),(0,8,'DaPEST','Login Success','User logged in successfully','192.168.1.78','2025-11-21 08:42:44'),(0,8,'DaPEST','Dashboard Access','Admin dashboard accessed','192.168.1.78','2025-11-21 08:42:44'),(0,8,'DaPEST','Dashboard Access','Admin dashboard accessed','192.168.1.78','2025-11-21 08:43:34'),(0,8,'DaPEST','Generate Service PDF','Generated service PDF with filters: Search=\'nopa\', From=\'\', To=\'\', Limit=\'10\', Total Records: 4','192.168.1.78','2025-11-21 08:43:46'),(0,8,'DaPEST','Generate Service PDF','Generated service PDF with filters: Search=\'nopa\', From=\'\', To=\'\', Limit=\'10\', Total Records: 4','192.168.1.78','2025-11-21 08:43:46'),(0,8,'DaPEST','Dashboard Access','Admin dashboard accessed','192.168.1.78','2025-11-21 08:45:48'),(0,8,'DaPEST','Dashboard Access','Admin dashboard accessed','192.168.1.78','2025-11-21 08:48:27'),(0,8,'DaPEST','Logout','User logged out','192.168.1.78','2025-11-21 08:49:25'),(0,6,'Kevin','Login Success','User logged in successfully','192.168.1.78','2025-11-21 08:49:38'),(0,6,'Kevin','Dashboard Access','Staff dashboard accessed','192.168.1.78','2025-11-21 08:49:38'),(0,6,'Kevin','Add Service','Added service for MAVIN, Vehicle: UG 290071, Type: HILUX, Service: Full Wash, Price: 5000 UGX, Payment: paid','192.168.1.78','2025-11-21 08:50:37'),(0,6,'Kevin','Add Service','Added service for TIMOTHY, Vehicle: UA 766AQ, Type: SUBARU, Service: Full Wash, Price: 5000 UGX, Payment: paid','192.168.1.78','2025-11-21 08:51:40'),(0,6,'Kevin','Add Service','Added service for TIMOTHY, Vehicle: UBN 086V, Type: RAWUM, Service: Full Wash, Price: 5000 UGX, Payment: paid','192.168.1.78','2025-11-21 08:52:33'),(0,6,'Kevin','Add Service','Added service for TIMOTHY, Vehicle: SSD 477BR, Type: NOAH, Service: Full Wash, Price: 5000 UGX, Payment: paid','192.168.1.78','2025-11-21 08:53:27'),(0,6,'Kevin','Add Service','Added service for TRAVOR, Vehicle: UAH245B, Type: CORONA, Service: Full Wash, Price: 5000 UGX, Payment: paid','192.168.1.78','2025-11-21 08:54:14'),(0,6,'Kevin','Add Service','Added service for MAVIN, Vehicle: UAS 415Q, Type: HARRIER, Service: Full Wash, Price: 5000 UGX, Payment: paid','192.168.1.78','2025-11-21 08:55:10'),(0,6,'Kevin','Dashboard Access','Staff dashboard accessed','192.168.1.78','2025-11-21 08:56:13'),(0,6,'Kevin','Dashboard Access','Staff dashboard accessed','192.168.1.78','2025-11-21 08:56:36'),(0,1,'Administrator','Login Success','User logged in successfully','::1','2025-11-21 08:56:41'),(0,1,'Administrator','Dashboard Access','Admin dashboard accessed','::1','2025-11-21 08:56:41'),(0,1,'Administrator','Generate Service PDF','Generated service PDF with filters: Search=\'nop\', From=\'\', To=\'\', Limit=\'10\', Total Records: 4','::1','2025-11-21 08:57:36'),(0,1,'Administrator','Dashboard Access','Admin dashboard accessed','::1','2025-11-21 08:58:06'),(0,1,'Administrator','View Expenses','Fetched 0 records','::1','2025-11-21 08:58:10'),(0,1,'Administrator','View Expenses','Fetched 0 records','::1','2025-11-21 08:58:27'),(0,1,'Administrator','Dashboard Access','Admin dashboard accessed','::1','2025-11-21 08:58:28'),(0,1,'Administrator','Generate Service PDF','Generated service PDF with filters: Search=\'\', From=\'\', To=\'\', Limit=\'All\', Total Records: 85','::1','2025-11-21 08:59:04'),(0,1,'Administrator','Dashboard Access','Admin dashboard accessed','::1','2025-11-21 09:00:07'),(0,1,'Administrator','Dashboard Access','Admin dashboard accessed','::1','2025-11-21 09:02:24'),(0,1,'Administrator','Dashboard Access','Admin dashboard accessed','::1','2025-11-21 09:02:49'),(0,1,'Administrator','View Expenses','Fetched 0 records','::1','2025-11-21 09:02:51'),(0,1,'Administrator','Database Backup Success','Backup saved to C:\\wamp64\\www\\Car-Wash/backups/backup_2025-11-21_09-02-56.sql','::1','2025-11-21 09:02:58'),(0,1,'Administrator','Dashboard Access','Admin dashboard accessed','::1','2025-11-21 09:04:01'),(0,1,'Administrator','Generate Service PDF','Generated service PDF with filters: Search=\'\', From=\'\', To=\'\', Limit=\'All\', Total Records: 85','::1','2025-11-21 09:04:10'),(0,1,'Administrator','Viewed Reports Page','','::1','2025-11-21 09:05:14'),(0,1,'Administrator','Generate Service PDF','Generated service PDF with filters: Search=\'ubl\', From=\'\', To=\'\', Limit=\'10\', Total Records: 8','::1','2025-11-21 09:06:01'),(0,1,'Administrator','Dashboard Access','Admin dashboard accessed','::1','2025-11-21 09:06:11'),(0,1,'Administrator','Viewed Users Page','','::1','2025-11-21 09:06:29'),(0,1,'Administrator','Dashboard Access','Admin dashboard accessed','::1','2025-11-21 09:06:48'),(0,1,'Administrator','Update Service','Updated service ID 88: customer=\'TIMOTHY\', vehicle=\'UBH 600P\', service=\'Motor Bike\', price=3000, payment_status=\'nopay\'','::1','2025-11-21 09:15:13'),(0,1,'Administrator','Update Service','Updated service ID 66: customer=\'FRED\', vehicle=\'UBH 600P\', service=\'Motor Bike\', price=3000, payment_status=\'\'','::1','2025-11-21 09:15:58'),(0,1,'Administrator','Update Service','Updated service ID 88: customer=\'TIMOTHY\', vehicle=\'UBH 600P\', service=\'Bike Wash\', price=3000, payment_status=\'nopay\'','::1','2025-11-21 09:17:09'),(0,1,'Administrator','Update Service','Updated service ID 66: customer=\'FRED\', vehicle=\'UBH 600P\', service=\'Bike Wash\', price=3000, payment_status=\'Paid\'','::1','2025-11-21 09:17:29'),(0,1,'Administrator','Generate Service PDF','Generated service PDF with filters: Search=\'nop\', From=\'\', To=\'\', Limit=\'10\', Total Records: 4','::1','2025-11-21 09:18:10'),(0,1,'Administrator','Dashboard Access','Admin dashboard accessed','::1','2025-11-21 09:18:41'),(0,1,'Administrator','View Expenses','Fetched 0 records','::1','2025-11-21 09:18:42'),(0,1,'Administrator','View Expenses','Fetched 0 records','::1','2025-11-21 09:20:25'),(0,1,'Administrator','View Expenses','Fetched 0 records','::1','2025-11-21 09:20:27'),(0,1,'Administrator','View Expenses','Fetched 0 records','::1','2025-11-21 09:20:28'),(0,1,'Administrator','View Expenses','Fetched 0 records','::1','2025-11-21 09:20:28'),(0,1,'Administrator','View Expenses','Fetched 0 records','::1','2025-11-21 09:21:45'),(0,1,'Administrator','View Expenses','Fetched 0 records','::1','2025-11-21 09:22:04'),(0,1,'Administrator','View Expenses','Fetched 0 records','::1','2025-11-21 09:22:16'),(0,1,'Administrator','View Expenses','Fetched 0 records','::1','2025-11-21 09:22:48'),(0,1,'Administrator','View Expenses','Fetched 0 records','::1','2025-11-21 09:22:51'),(0,1,'Administrator','View Expenses','Fetched 0 records','::1','2025-11-21 09:22:52'),(0,1,'Administrator','View Expenses','Fetched 0 records','::1','2025-11-21 09:22:53'),(0,1,'Administrator','View Expenses','Fetched 0 records','::1','2025-11-21 09:23:11'),(0,1,'Administrator','View Expenses','Fetched 0 records','::1','2025-11-21 09:23:14'),(0,1,'Administrator','View Expenses','Fetched 0 records','::1','2025-11-21 09:24:00'),(0,1,'Administrator','View Expenses','Fetched 0 records','::1','2025-11-21 09:24:40'),(0,1,'Administrator','View Expenses','Fetched 0 records','::1','2025-11-21 09:24:50'),(0,1,'Administrator','View Expenses','Fetched 0 records','::1','2025-11-21 09:24:51'),(0,1,'Administrator','View Expenses','Fetched 0 records','::1','2025-11-21 09:25:13'),(0,1,'Administrator','View Expenses','Fetched 0 records','::1','2025-11-21 09:25:14'),(0,1,'Administrator','View Expenses','Fetched 0 records','::1','2025-11-21 09:25:15'),(0,1,'Administrator','View Expenses','Fetched 0 records','::1','2025-11-21 09:25:33'),(0,1,'Administrator','View Expenses','Fetched 0 records','::1','2025-11-21 09:25:34'),(0,1,'Administrator','View Expenses','Fetched 0 records','::1','2025-11-21 09:26:16'),(0,1,'Administrator','View Expenses','Fetched 0 records','::1','2025-11-21 09:26:36'),(0,1,'Administrator','View Expenses','Fetched 0 records','::1','2025-11-21 09:26:44'),(0,1,'Administrator','Dashboard Access','Admin dashboard accessed','::1','2025-11-21 09:26:49'),(0,1,'Administrator','Dashboard Access','Admin dashboard accessed','::1','2025-11-21 09:27:05'),(0,1,'Administrator','View Expenses','Fetched 0 records','::1','2025-11-21 09:27:07'),(0,1,'Administrator','Dashboard Access','Admin dashboard accessed','::1','2025-11-21 09:27:15'),(0,1,'Administrator','Dashboard Access','Admin dashboard accessed','::1','2025-11-21 09:29:05'),(0,1,'Administrator','View Expenses','Fetched 0 records','::1','2025-11-21 09:29:07'),(0,1,'Administrator','Dashboard Access','Admin dashboard accessed','::1','2025-11-21 09:29:11'),(0,1,'Administrator','Dashboard Access','Admin dashboard accessed','::1','2025-11-21 09:30:34'),(0,1,'Administrator','Dashboard Access','Admin dashboard accessed','::1','2025-11-21 09:32:40'),(0,1,'Administrator','Dashboard Access','Admin dashboard accessed','::1','2025-11-21 09:33:17'),(0,1,'Administrator','Dashboard Access','Admin dashboard accessed','::1','2025-11-21 09:34:04'),(0,1,'Administrator','Viewed Users Page','','::1','2025-11-21 09:34:17'),(0,1,'Administrator','Logout','User logged out','::1','2025-11-21 09:34:29'),(0,6,'Kevin','Login Success','User logged in successfully','192.168.1.78','2025-11-21 17:02:11'),(0,6,'Kevin','Dashboard Access','Staff dashboard accessed','192.168.1.78','2025-11-21 17:02:11'),(0,6,'Kevin','Add Service','Added service for MAVIN, Vehicle: UA69ZLC, Type: NOAH, Service: Full Wash, Price: 5000 UGX, Payment: paid','192.168.1.78','2025-11-21 17:03:25'),(0,6,'Kevin','Add Service','Added service for MAVIN, Vehicle: UAR290A, Type: ISUZU, Service: Full Wash, Price: 5000 UGX, Payment: paid','192.168.1.78','2025-11-21 17:04:11'),(0,6,'Kevin','Add Service','Added service for MAVIN, Vehicle: UBH 509C, Type: SUBARU, Service: Full Wash, Price: 5000 UGX, Payment: paid','192.168.1.78','2025-11-21 17:04:56'),(0,6,'Kevin','Add Service','Added service for FRED, Vehicle: UBG 4105J, Type: MARK X, Service: Full Wash, Price: 5000 UGX, Payment: paid','192.168.1.78','2025-11-21 17:05:47'),(0,6,'Kevin','Add Service','Added service for TIMOTHY, Vehicle: UG 2576E, Type: HILUX, Service: Full Wash, Price: 5000 UGX, Payment: paid','192.168.1.78','2025-11-21 17:06:37'),(0,6,'Kevin','Add Service','Added service for MAVIN, Vehicle: UBS 055A, Type: RAUM, Service: Full Wash, Price: 5000 UGX, Payment: paid','192.168.1.78','2025-11-21 17:07:16'),(0,6,'Kevin','Add Service','Added service for MAVIN, Vehicle: UAU 088V, Type: TX, Service: Full Wash, Price: 5000 UGX, Payment: paid','192.168.1.78','2025-11-21 17:08:06'),(0,6,'Kevin','Add Service','Added service for TIMOTHY, Vehicle: UAK 860F, Type: CALDERA, Service: Full Wash, Price: 5000 UGX, Payment: paid','192.168.1.78','2025-11-21 17:09:25'),(0,6,'Kevin','Login Success','User logged in successfully','192.168.1.71','2025-11-25 16:29:53'),(0,6,'Kevin','Dashboard Access','Staff dashboard accessed','192.168.1.71','2025-11-25 16:29:53'),(0,6,'Kevin','Add Service','Added service for MAVIN, Vehicle: UBG 976G, Type: VITZ, Service: Full Wash, Price: 5000 UGX, Payment: paid','192.168.1.71','2025-11-25 16:32:41'),(0,6,'Kevin','Add Service','Added service for TIMOTHY, Vehicle: UBN 787G, Type: PREMIO, Service: Full Wash, Price: 5000 UGX, Payment: paid','192.168.1.71','2025-11-25 16:35:42'),(0,6,'Kevin','Add Service','Added service for MAVIN, Vehicle: UBQ 224Y, Type: NOAH, Service: Full Wash, Price: 5000 UGX, Payment: paid','192.168.1.71','2025-11-25 16:36:42'),(0,6,'Kevin','Add Service','Added service for TIMOTHY, Vehicle: UBN 086V, Type: TX, Service: Full Wash, Price: 5000 UGX, Payment: paid','192.168.1.71','2025-11-25 16:37:17'),(0,6,'Kevin','Add Service','Added service for MAVIN, Vehicle: UA 766A2, Type: MARK X, Service: Full Wash, Price: 5000 UGX, Payment: paid','192.168.1.71','2025-11-25 16:37:54'),(0,6,'Kevin','Add Service','Added service for MAVIN, Vehicle: UBG 976G, Type: SUBARU, Service: Full Wash, Price: 5000 UGX, Payment: paid','192.168.1.71','2025-11-25 16:38:29'),(0,6,'Kevin','Add Service','Added service for MAVIN, Vehicle: UBE 882K, Type: KULGER, Service: Full Wash, Price: 5000 UGX, Payment: paid','192.168.1.71','2025-11-25 16:39:17'),(0,6,'Kevin','Add Service','Added service for TIMOTHY, Vehicle: UBS 316Z, Type: RUMION, Service: Full Wash, Price: 5000 UGX, Payment: paid','192.168.1.71','2025-11-25 16:40:34'),(0,6,'Kevin','Add Service','Added service for TIMOTHY, Vehicle: UBD 227X, Type: NISSAN, Service: Full Wash, Price: 5000 UGX, Payment: paid','192.168.1.71','2025-11-25 16:41:23'),(0,6,'Kevin','Add Service','Added service for TIMOTHY, Vehicle: UBJ 979T, Type: TX, Service: Full Wash, Price: 5000 UGX, Payment: paid','192.168.1.71','2025-11-25 16:42:02'),(0,6,'Kevin','Dashboard Access','Staff dashboard accessed','192.168.1.71','2025-11-25 16:46:30'),(0,6,'Kevin','Add Service','Added service for TIMOTHY, Vehicle: UBQ 910H, Type: FILDER, Service: Full Wash, Price: 5000 UGX, Payment: paid','192.168.1.71','2025-11-25 16:47:18'),(0,6,'Kevin','Dashboard Access','Staff dashboard accessed','192.168.1.71','2025-11-25 16:48:48'),(0,6,'Kevin','Add Service','Added service for MAVIN, Vehicle: UBN 086V, Type: CALDINA, Service: Full Wash, Price: 5000 UGX, Payment: paid','192.168.1.71','2025-11-25 18:03:47'),(0,6,'Kevin','Add Service','Added service for MAVIN, Vehicle: UAV 455P, Type: VITZ, Service: Full Wash, Price: 5000 UGX, Payment: paid','192.168.1.71','2025-11-25 18:04:22'),(0,6,'Kevin','Add Service','Added service for MAVIN, Vehicle: UBQ460H, Type: HARRIER, Service: Full Wash, Price: 5000 UGX, Payment: paid','192.168.1.71','2025-11-25 18:05:06'),(0,6,'Kevin','Add Service','Added service for MARVIN, Vehicle: UDQ 100, Type: BIKE, Service: Full Wash, Price: 5000 UGX, Payment: paid','192.168.1.71','2025-11-25 18:08:47'),(0,6,'Kevin','Add Service','Added service for MAVIN, Vehicle: UAZ 9085, Type: GOLF, Service: Full Wash, Price: 5000 UGX, Payment: paid','192.168.1.71','2025-11-25 18:13:54'),(0,6,'Kevin','Login Success','User logged in successfully','192.168.1.71','2025-11-26 16:38:58'),(0,6,'Kevin','Dashboard Access','Staff dashboard accessed','192.168.1.71','2025-11-26 16:38:58'),(0,6,'Kevin','Add Service','Added service for MAVIN, Vehicle: UBE 658S, Type: PREMIO, Service: Full Wash, Price: 5000 UGX, Payment: paid','192.168.1.71','2025-11-26 16:40:08'),(0,6,'Kevin','Add Service','Added service for TIMOTHY, Vehicle: UAG 625N, Type: RAV 4, Service: Full Wash, Price: 5000 UGX, Payment: paid','192.168.1.71','2025-11-26 16:40:46'),(0,6,'Kevin','Add Service','Added service for MAVIN, Vehicle: UBF 128Y, Type: ALPHARD, Service: Full Wash, Price: 5000 UGX, Payment: paid','192.168.1.71','2025-11-26 16:41:49'),(0,6,'Kevin','Add Service','Added service for MAVIN, Vehicle: UAS 213M, Type: RAUM, Service: Full Wash, Price: 5000 UGX, Payment: paid','192.168.1.71','2025-11-26 16:42:35'),(0,6,'Kevin','Add Service','Added service for MAVIN, Vehicle: UA 297CQ, Type: NOAH, Service: Full Wash, Price: 5000 UGX, Payment: paid','192.168.1.71','2025-11-26 16:43:14'),(0,6,'Kevin','Add Service','Added service for TIMOTHY, Vehicle: UAP 727A, Type: NOAH, Service: Full Wash, Price: 5000 UGX, Payment: paid','192.168.1.71','2025-11-26 16:43:57'),(0,6,'Kevin','Add Service','Added service for MAVIN, Vehicle: UAN 404T, Type: NOAH, Service: Full Wash, Price: 5000 UGX, Payment: paid','192.168.1.71','2025-11-26 16:44:38'),(0,8,'DaPEST','Login Success','User logged in successfully','::1','2025-11-28 07:01:43'),(0,8,'DaPEST','Dashboard Access','Admin dashboard accessed','::1','2025-11-28 07:01:43'),(0,8,'DaPEST','Dashboard Access','Admin dashboard accessed','::1','2025-11-28 07:02:57'),(0,8,'DaPEST','Generate Service PDF','Generated service PDF with filters: Search=\'\', From=\'\', To=\'\', Limit=\'\', Total Records: 116','::1','2025-11-28 07:03:38'),(0,6,'Kevin','Login Success','User logged in successfully','192.168.1.71','2025-11-28 07:05:20'),(0,6,'Kevin','Dashboard Access','Staff dashboard accessed','192.168.1.71','2025-11-28 07:05:20'),(0,6,'Kevin','Add Service','Added service for MAVIN, Vehicle: UBE 6585, Type: WISH, Service: Full Wash, Price: 5000 UGX, Payment: paid','192.168.1.71','2025-11-28 07:06:24'),(0,6,'Kevin','Add Service','Added service for TIMOTHY, Vehicle: UAP 113A, Type: HARRIER, Service: Full Wash, Price: 5000 UGX, Payment: paid','192.168.1.71','2025-11-28 07:06:57'),(0,8,'DaPEST','Generate Service PDF','Generated service PDF with filters: Search=\'\', From=\'\', To=\'\', Limit=\'\', Total Records: 118','::1','2025-11-28 07:07:31'),(0,6,'Kevin','Add Service','Added service for TIMOTHY, Vehicle: UBC 321Y, Type: SUBARU, Service: Full Wash, Price: 5000 UGX, Payment: paid','192.168.1.71','2025-11-28 07:07:35'),(0,6,'Kevin','Add Service','Added service for MAVIN, Vehicle: UAZ 994T, Type: ALEX, Service: Full Wash, Price: 5000 UGX, Payment: nopay','192.168.1.71','2025-11-28 07:08:15'),(0,6,'Kevin','Add Service','Added service for MAVIN, Vehicle: UBH 432R, Type: GOLF, Service: Full Wash, Price: 5000 UGX, Payment: paid','192.168.1.71','2025-11-28 07:08:55'),(0,6,'Kevin','Add Service','Added service for TIMOTHY, Vehicle: UBA 277A, Type: KULGER, Service: Full Wash, Price: 5000 UGX, Payment: paid','192.168.1.71','2025-11-28 07:09:29'),(0,6,'Kevin','Dashboard Access','Staff dashboard accessed','192.168.1.71','2025-11-28 07:09:31'),(0,6,'Kevin','Add Service','Added service for FRED, Vehicle: UBG 976G, Type: PREMIO, Service: Full Wash, Price: 5000 UGX, Payment: paid','192.168.1.71','2025-11-28 07:15:01'),(0,6,'Kevin','Add Service','Added service for MAVIN, Vehicle: UBG 976G, Type: ISUZU, Service: Full Wash, Price: 5000 UGX, Payment: paid','192.168.1.71','2025-11-28 07:15:30'),(0,8,'DaPEST','Dashboard Access','Admin dashboard accessed','::1','2025-11-28 07:16:56'),(0,6,'Kevin','Add Service','Added service for TIMOTHY, Vehicle: UBG 976G, Type: HARRIER, Service: Full Wash, Price: 5000 UGX, Payment: paid','192.168.1.71','2025-11-28 07:16:58'),(0,6,'Kevin','Add Service','Added service for MAVIN, Vehicle: UBG 976G, Type: HILUX, Service: Full Wash, Price: 5000 UGX, Payment: paid','192.168.1.71','2025-11-28 07:17:28'),(0,6,'Kevin','Add Service','Added service for FRED, Vehicle: UBG 976G, Type: HARRIER, Service: Full Wash, Price: 5000 UGX, Payment: paid','192.168.1.71','2025-11-28 07:18:22'),(0,8,'DaPEST','Database Backup Success','Backup saved to C:\\wamp64\\www\\Car-Wash/backups/backup_2025-11-28_07-18-43.sql','::1','2025-11-28 07:18:44'),(0,6,'Kevin','Add Service','Added service for TIMOTHY, Vehicle: UBG 976G, Type: SUBARU, Service: Full Wash, Price: 5000 UGX, Payment: paid','192.168.1.71','2025-11-28 07:18:50'),(0,8,'DaPEST','Dashboard Access','Admin dashboard accessed','::1','2025-11-28 07:19:00'),(0,6,'Kevin','Add Service','Added service for FRED, Vehicle: UBG 976G, Type: PREMIO, Service: Full Wash, Price: 5000 UGX, Payment: paid','192.168.1.71','2025-11-28 07:19:25'),(0,6,'Kevin','Add Service','Added service for MAVIN, Vehicle: UBG 976G, Type: VITZ, Service: Full Wash, Price: 5000 UGX, Payment: nopay','192.168.1.71','2025-11-28 07:19:57'),(0,6,'Kevin','Add Service','Added service for TIMOTHY, Vehicle: UBG 976G, Type: RAV4, Service: Full Wash, Price: 5000 UGX, Payment: paid','192.168.1.71','2025-11-28 07:23:38'),(0,6,'Kevin','Add Service','Added service for MAVIN, Vehicle: UBG 976G, Type: STARLET, Service: Full Wash, Price: 5000 UGX, Payment: paid','192.168.1.71','2025-11-28 07:24:05'),(0,8,'DaPEST','Generate Service PDF','Generated service PDF with filters: Search=\'\', From=\'\', To=\'\', Limit=\'\', Total Records: 132','::1','2025-11-28 07:24:20'),(0,6,'Kevin','Add Service','Added service for MAVIN, Vehicle: UBG 976G, Type: TX, Service: Full Wash, Price: 5000 UGX, Payment: paid','192.168.1.71','2025-11-28 07:24:25'),(0,6,'Kevin','Add Service','Added service for MAVIN, Vehicle: UA 766A2, Type: NOAH, Service: Full Wash, Price: 5000 UGX, Payment: paid','192.168.1.71','2025-11-28 07:26:36'),(0,6,'Kevin','Add Service','Added service for MAVIN, Vehicle: UA 766A2, Type: SUBARU, Service: Full Wash, Price: 5000 UGX, Payment: paid','192.168.1.71','2025-11-28 07:26:59'),(0,6,'Kevin','Add Service','Added service for MAVIN, Vehicle: UA 766A2, Type: LANDCRUSER, Service: Full Wash, Price: 5000 UGX, Payment: paid','192.168.1.71','2025-11-28 07:27:33'),(0,6,'Kevin','Add Service','Added service for TIMOTHY, Vehicle: UA 766A2, Type: HILUX, Service: Full Wash, Price: 5000 UGX, Payment: paid','192.168.1.71','2025-11-28 07:27:56'),(0,6,'Kevin','Add Service','Added service for TIMOTHY, Vehicle: UA 766A2, Type: VITZ, Service: Full Wash, Price: 5000 UGX, Payment: paid','192.168.1.71','2025-11-28 07:28:29'),(0,6,'Kevin','Add Service','Added service for MAVIN, Vehicle: UA 766A2, Type: WISH, Service: Full Wash, Price: 5000 UGX, Payment: paid','192.168.1.71','2025-11-28 07:29:56'),(0,6,'Kevin','Add Service','Added service for FRED, Vehicle: UA 766A2, Type: FILDER, Service: Full Wash, Price: 5000 UGX, Payment: paid','192.168.1.71','2025-11-28 07:30:44'),(0,6,'Kevin','Add Service','Added service for FRED, Vehicle: UA 766A2, Type: SUBARU, Service: Full Wash, Price: 5000 UGX, Payment: paid','192.168.1.71','2025-11-28 07:31:07'),(0,6,'Kevin','Add Service','Added service for MAVIN, Vehicle: UA 766A2, Type: HARRIER, Service: Full Wash, Price: 5000 UGX, Payment: paid','192.168.1.71','2025-11-28 07:31:30'),(0,6,'Kevin','Add Service','Added service for TIMOTHY, Vehicle: UA 766A2, Type: MARK 2, Service: Full Wash, Price: 5000 UGX, Payment: paid','192.168.1.71','2025-11-28 07:32:18'),(0,8,'DaPEST','Dashboard Access','Admin dashboard accessed','::1','2025-11-28 07:33:02'),(0,6,'Kevin','Add Service','Added service for TIMOTHY, Vehicle: UBE 882K, Type: PREMIO, Service: Full Wash, Price: 5000 UGX, Payment: paid','192.168.1.71','2025-11-28 07:33:15'),(0,8,'DaPEST','Dashboard Access','Admin dashboard accessed','::1','2025-11-28 07:33:54'),(0,6,'Kevin','Add Service','Added service for TIMOTHY, Vehicle: UBE 882K, Type: RAUM, Service: Full Wash, Price: 5000 UGX, Payment: paid','192.168.1.71','2025-11-28 07:34:00'),(0,6,'Kevin','Add Service','Added service for MAVIN, Vehicle: UBE 882K, Type: VITZ, Service: Full Wash, Price: 5000 UGX, Payment: paid','192.168.1.71','2025-11-28 07:34:19'),(0,6,'Kevin','Add Service','Added service for MAVIN, Vehicle: UBE 882K, Type: SIENTA, Service: Full Wash, Price: 5000 UGX, Payment: paid','192.168.1.71','2025-11-28 07:34:40'),(0,6,'Kevin','Add Service','Added service for TIMOTHY, Vehicle: UBE 882K, Type: HARRIER, Service: Full Wash, Price: 5000 UGX, Payment: paid','192.168.1.71','2025-11-28 07:34:59'),(0,8,'DaPEST','Dashboard Access','Admin dashboard accessed','::1','2025-11-28 07:35:53'),(0,6,'Kevin','Add Service','Added service for TIMOTHY, Vehicle: UBQ 224Y, Type: NOAH, Service: Full Wash, Price: 5000 UGX, Payment: paid','192.168.1.71','2025-11-28 07:35:57'),(0,6,'Kevin','Add Service','Added service for TIMOTHY, Vehicle: UBQ 224Y, Type: NOAH, Service: Full Wash, Price: 5000 UGX, Payment: paid','192.168.1.71','2025-11-28 07:36:20'),(0,8,'DaPEST','Generate Service PDF','Generated service PDF with filters: Search=\'\', From=\'\', To=\'\', Limit=\'\', Total Records: 150','::1','2025-11-28 07:36:30'),(0,6,'Kevin','Add Service','Added service for MAVIN, Vehicle: UBQ 224Y, Type: NISSAN, Service: Full Wash, Price: 5000 UGX, Payment: paid','192.168.1.71','2025-11-28 07:36:47'),(0,6,'Kevin','Add Service','Added service for MAVIN, Vehicle: UBQ 224Y, Type: LANDCRUSER, Service: Full Wash, Price: 5000 UGX, Payment: paid','192.168.1.71','2025-11-28 07:37:11'),(0,8,'DaPEST','Generate Service PDF','Generated service PDF with filters: Search=\'\', From=\'\', To=\'\', Limit=\'\', Total Records: 152','::1','2025-11-28 07:38:19'),(0,8,'DaPEST','Generate Service PDF','Generated service PDF with filters: Search=\'\', From=\'\', To=\'\', Limit=\'\', Total Records: 152','::1','2025-11-28 07:38:32'),(0,8,'DaPEST','Generate Service PDF','Generated service PDF with filters: Search=\'\', From=\'\', To=\'\', Limit=\'\', Total Records: 152','::1','2025-11-28 07:39:18'),(0,8,'DaPEST','Dashboard Access','Admin dashboard accessed','::1','2025-11-28 07:39:33'),(0,8,'DaPEST','Logout','User logged out','::1','2025-11-28 07:39:54'),(0,6,'Kevin','Dashboard Access','Staff dashboard accessed','192.168.1.71','2025-11-28 07:40:01'),(0,8,'DaPEST','Login Success','User logged in successfully','::1','2025-11-28 07:40:38'),(0,8,'DaPEST','Dashboard Access','Admin dashboard accessed','::1','2025-11-28 07:40:38'),(0,8,'DaPEST','Database Backup Success','Backup saved to C:\\wamp64\\www\\Car-Wash/backups/backup_2025-11-28_07-40-54.sql','::1','2025-11-28 07:40:54'),(0,8,'DaPEST','Dashboard Access','Admin dashboard accessed','::1','2025-11-28 07:41:01'),(0,8,'DaPEST','Viewed Reports Page','','::1','2025-11-28 07:42:04'),(0,8,'DaPEST','Dashboard Access','Admin dashboard accessed','::1','2025-11-28 07:44:19'),(0,8,'DaPEST','Dashboard Access','Admin dashboard accessed','::1','2025-11-28 07:45:28'),(0,8,'DaPEST','Viewed Reports Page','','::1','2025-11-28 07:45:39'),(0,8,'DaPEST','Viewed Reports Page','','::1','2025-11-28 07:49:07'),(0,8,'DaPEST','Dashboard Access','Admin dashboard accessed','::1','2025-11-28 07:49:17'),(0,8,'DaPEST','Logout','User logged out','::1','2025-11-28 07:49:41'),(0,6,'Kevin','Login Success','User logged in successfully','192.168.1.81','2025-11-28 16:27:45'),(0,6,'Kevin','Dashboard Access','Staff dashboard accessed','192.168.1.81','2025-11-28 16:27:45'),(0,6,'Kevin','Add Service','Added service for TIMOTHY, Vehicle: UAJ 257Y, Type: RAV 4, Service: Full Wash, Price: 5000 UGX, Payment: paid','192.168.1.81','2025-11-28 16:29:18'),(0,6,'Kevin','Add Service','Added service for MAVIN, Vehicle: UAR 290A, Type: ISUZU, Service: Full Wash, Price: 5000 UGX, Payment: paid','192.168.1.81','2025-11-28 16:30:05'),(0,6,'Kevin','Add Service','Added service for MAVIN, Vehicle: UBE 652Q, Type: RAUM, Service: Full Wash, Price: 5000 UGX, Payment: paid','192.168.1.81','2025-11-28 16:30:42'),(0,6,'Kevin','Add Service','Added service for TIMOTHY, Vehicle: UAL 133A, Type: PREMIO, Service: Full Wash, Price: 5000 UGX, Payment: paid','192.168.1.81','2025-11-28 16:31:28'),(0,6,'Kevin','Add Service','Added service for TIMOTHY, Vehicle: UAT 191Q, Type: LAND ROVER, Service: Full Wash, Price: 5000 UGX, Payment: paid','192.168.1.81','2025-11-28 16:32:04'),(0,6,'Kevin','Add Service','Added service for MAVIN, Vehicle: UA 864AL, Type: NOAH, Service: Full Wash, Price: 5000 UGX, Payment: paid','192.168.1.81','2025-11-28 16:33:16'),(0,6,'Kevin','Login Success','User logged in successfully','192.168.1.81','2025-11-29 17:10:14'),(0,6,'Kevin','Dashboard Access','Staff dashboard accessed','192.168.1.81','2025-11-29 17:10:14'),(0,6,'Kevin','Add Service','Added service for MAVIN, Vehicle: UAA5180, Type: STARLET, Service: Full Wash, Price: 5000 UGX, Payment: paid','192.168.1.81','2025-11-29 17:12:37'),(0,6,'Kevin','Add Service','Added service for MAVIN, Vehicle: UBM 184H, Type: RAUM, Service: Full Wash, Price: 5000 UGX, Payment: paid','192.168.1.81','2025-11-29 17:13:32'),(0,6,'Kevin','Add Service','Added service for MAVIN, Vehicle: UBG405J, Type: MARK X, Service: Full Wash, Price: 5000 UGX, Payment: paid','192.168.1.81','2025-11-29 17:14:11'),(0,6,'Kevin','Add Service','Added service for MAVIN, Vehicle: UA 405AG, Type: HARRIER, Service: Full Wash, Price: 5000 UGX, Payment: paid','192.168.1.81','2025-11-29 17:15:06'),(0,6,'Kevin','Add Service','Added service for MAVIN, Vehicle: UBN 787G, Type: DRON, Service: Full Wash, Price: 5000 UGX, Payment: paid','192.168.1.81','2025-11-29 17:15:31'),(0,6,'Kevin','Add Service','Added service for TIMOTHY, Vehicle: UA 509AX, Type: SUBARU, Service: Full Wash, Price: 5000 UGX, Payment: paid','192.168.1.81','2025-11-29 17:18:08'),(0,6,'Kevin','Add Service','Added service for TIMOTHY, Vehicle: UBS 509H, Type: SEINT, Service: Full Wash, Price: 5000 UGX, Payment: paid','192.168.1.81','2025-11-29 17:18:54'),(0,6,'Kevin','Add Service','Added service for TIMOTHY, Vehicle: UA766AQ, Type: SUBARU, Service: Full Wash, Price: 5000 UGX, Payment: paid','192.168.1.81','2025-11-29 17:20:11'),(0,6,'Kevin','Add Service','Added service for TIMOTHY, Vehicle: UBN 086V, Type: TX, Service: Full Wash, Price: 5000 UGX, Payment: paid','192.168.1.81','2025-11-29 17:20:49'),(0,6,'Kevin','Add Service','Added service for TRAVOR, Vehicle: UBG405J, Type: VITZ, Service: Full Wash, Price: 5000 UGX, Payment: nopay','192.168.1.81','2025-11-29 17:33:30'),(0,0,'kevin','Login Failed','Invalid password attempt','192.168.1.81','2025-11-30 17:15:56'),(0,6,'Kevin','Login Success','User logged in successfully','192.168.1.81','2025-11-30 17:16:27'),(0,6,'Kevin','Dashboard Access','Staff dashboard accessed','192.168.1.81','2025-11-30 17:16:27'),(0,6,'Kevin','Login Success','User logged in successfully','192.168.1.81','2025-11-30 17:25:11'),(0,6,'Kevin','Dashboard Access','Staff dashboard accessed','192.168.1.81','2025-11-30 17:25:11'),(0,6,'Kevin','Add Service','Added service for TIMOTHY, Vehicle: UAZ 994T, Type: ALEX, Service: Full Wash, Price: 5000 UGX, Payment: paid','192.168.1.81','2025-11-30 17:27:05'),(0,6,'Kevin','Add Service','Added service for MAVIN, Vehicle: UG 2377C, Type: LANDCRUSER, Service: Full Wash, Price: 5000 UGX, Payment: paid','192.168.1.81','2025-11-30 17:29:24'),(0,6,'Kevin','Add Service','Added service for TIMOTHY, Vehicle: UAJ 257Y, Type: SUBARU, Service: Full Wash, Price: 5000 UGX, Payment: paid','192.168.1.81','2025-11-30 17:30:01'),(0,6,'Kevin','Add Service','Added service for KENNETH, Vehicle: UBB 230G, Type: NOAH, Service: Full Wash, Price: 5000 UGX, Payment: paid','192.168.1.81','2025-11-30 17:31:03'),(0,6,'Kevin','Add Service','Added service for KENNETH, Vehicle: UBQ 029S, Type: SUBARU, Service: Full Wash, Price: 5000 UGX, Payment: nopay','192.168.1.81','2025-11-30 17:31:56'),(0,0,'KEVIN','Login Failed','Invalid password attempt','192.168.1.81','2025-12-01 17:48:15'),(0,6,'Kevin','Login Success','User logged in successfully','192.168.1.81','2025-12-01 17:48:26'),(0,6,'Kevin','Dashboard Access','Staff dashboard accessed','192.168.1.81','2025-12-01 17:48:26'),(0,6,'Kevin','Add Service','Added service for MAVIN, Vehicle: UBJ 953B, Type: SUBARU, Service: Full Wash, Price: 5000 UGX, Payment: paid','192.168.1.81','2025-12-01 17:49:12'),(0,6,'Kevin','Add Service','Added service for MAVIN, Vehicle: UBR 574K, Type: NOAH, Service: Full Wash, Price: 5000 UGX, Payment: paid','192.168.1.81','2025-12-01 17:49:47'),(0,6,'Kevin','Add Service','Added service for MAVIN, Vehicle: UBS 203H, Type: LANDCRUSER, Service: Full Wash, Price: 5000 UGX, Payment: paid','192.168.1.81','2025-12-01 17:52:18'),(0,6,'Kevin','Add Service','Added service for MAVIN, Vehicle: UAZ 994T, Type: HARRIER, Service: Full Wash, Price: 5000 UGX, Payment: paid','192.168.1.81','2025-12-01 17:52:42'),(0,6,'Kevin','Add Service','Added service for TIMOTHY, Vehicle: UAZ 9085, Type: SENTA, Service: Full Wash, Price: 5000 UGX, Payment: paid','192.168.1.81','2025-12-01 17:56:18'),(0,6,'Kevin','Add Service','Added service for MAVIN, Vehicle: UBK 540R, Type: HARRIER, Service: Full Wash, Price: 5000 UGX, Payment: paid','192.168.1.81','2025-12-01 17:56:56'),(0,6,'Kevin','Add Service','Added service for MAVIN, Vehicle: UBE 388V, Type: ISUZU, Service: Full Wash, Price: 5000 UGX, Payment: paid','192.168.1.81','2025-12-01 17:57:34'),(0,6,'Kevin','Add Service','Added service for MAVIN, Vehicle: UBA 573H, Type: VITZ, Service: Full Wash, Price: 5000 UGX, Payment: paid','192.168.1.81','2025-12-01 17:58:09'),(0,6,'Kevin','Add Service','Added service for TIMOTHY, Vehicle: SSD 2208Y, Type: SUBARU, Service: Full Wash, Price: 5000 UGX, Payment: paid','192.168.1.81','2025-12-01 17:58:57'),(0,6,'Kevin','Add Service','Added service for TIMOTHY, Vehicle: UAL 384L, Type: NOAH, Service: Full Wash, Price: 5000 UGX, Payment: paid','192.168.1.81','2025-12-01 17:59:26'),(0,6,'Kevin','Add Service','Added service for MAVIN, Vehicle: UAL 384L, Type: NOAH, Service: Full Wash, Price: 5000 UGX, Payment: paid','192.168.1.81','2025-12-01 17:59:58'),(0,8,'DaPEST','Login Success','User logged in successfully','192.168.1.81','2025-12-02 10:59:32'),(0,8,'DaPEST','Dashboard Access','Admin dashboard accessed','192.168.1.81','2025-12-02 10:59:32'),(0,8,'DaPEST','Generate Service PDF','Generated service PDF with filters: Search=\'\', From=\'2025-11-01\', To=\'2025-12-02\', Limit=\'All\', Total Records: 184','192.168.1.81','2025-12-02 11:04:17'),(0,8,'DaPEST','Generate Service PDF','Generated service PDF with filters: Search=\'\', From=\'2025-11-01\', To=\'2025-11-30\', Limit=\'All\', Total Records: 173','192.168.1.81','2025-12-02 11:05:00'),(0,8,'DaPEST','Dashboard Access','Admin dashboard accessed','192.168.1.81','2025-12-02 11:05:28'),(0,8,'DaPEST','Database Backup Success','Backup saved to C:\\wamp64\\www\\Car-Wash/backups/backup_2025-12-02_11-07-36.sql','192.168.1.81','2025-12-02 11:07:37'),(0,8,'DaPEST','Dashboard Access','Admin dashboard accessed','192.168.1.81','2025-12-02 11:07:47'),(0,8,'DaPEST','Logout','User logged out','192.168.1.81','2025-12-02 11:08:10'),(0,6,'Kevin','Login Success','User logged in successfully','192.168.1.81','2025-12-02 17:10:32'),(0,6,'Kevin','Dashboard Access','Staff dashboard accessed','192.168.1.81','2025-12-02 17:10:33'),(0,6,'Kevin','Generate Service PDF','Generated service PDF with filters: Search=\'\', From=\'\', To=\'\', Limit=\'10\', Total Records: 0','192.168.1.81','2025-12-02 17:11:32'),(0,6,'Kevin','Login Success','User logged in successfully','192.168.1.72','2025-12-02 17:33:03'),(0,6,'Kevin','Dashboard Access','Staff dashboard accessed','192.168.1.72','2025-12-02 17:33:03'),(0,6,'Kevin','Add Service','Added service for TIMOTHY, Vehicle: UAL 986Y, Type: LAND ROVER, Service: Full Wash, Price: 5000 UGX, Payment: paid','192.168.1.72','2025-12-02 17:33:47'),(0,6,'Kevin','Add Service','Added service for MAVIN, Vehicle: UAR 290A, Type: ISUZU, Service: Full Wash, Price: 5000 UGX, Payment: paid','192.168.1.72','2025-12-02 17:34:21'),(0,6,'Kevin','Add Service','Added service for WISH, Vehicle: UBB 133N, Type: WISH, Service: Full Wash, Price: 5000 UGX, Payment: paid','192.168.1.72','2025-12-02 17:34:50'),(0,6,'Kevin','Login Success','User logged in successfully','192.168.1.78','2025-12-03 16:57:26'),(0,6,'Kevin','Dashboard Access','Staff dashboard accessed','192.168.1.78','2025-12-03 16:57:26'),(0,6,'Kevin','Login Success','User logged in successfully','192.168.1.66','2025-12-03 17:12:48'),(0,6,'Kevin','Dashboard Access','Staff dashboard accessed','192.168.1.66','2025-12-03 17:12:48'),(0,6,'Kevin','Add Service','Added service for TIMOTHY, Vehicle: UAJ 251Y, Type: RAV 4, Service: Full Wash, Price: 5000 UGX, Payment: paid','192.168.1.66','2025-12-03 17:14:25'),(0,6,'Kevin','Add Service','Added service for TIMOTHY, Vehicle: UAP 727A, Type: NOAH, Service: Full Wash, Price: 5000 UGX, Payment: paid','192.168.1.66','2025-12-03 17:15:05'),(0,6,'Kevin','Add Service','Added service for TIMOTHY, Vehicle: UBR 084L, Type: NOAH, Service: Full Wash, Price: 5000 UGX, Payment: paid','192.168.1.66','2025-12-03 17:15:30'),(0,6,'Kevin','Add Service','Added service for TIMOTHY, Vehicle: UA 509AX, Type: SUBARU, Service: Full Wash, Price: 5000 UGX, Payment: paid','192.168.1.66','2025-12-03 17:15:57'),(0,6,'Kevin','Add Service','Added service for MAVIN, Vehicle: UBE 6585, Type: PREMO, Service: Full Wash, Price: 5000 UGX, Payment: paid','192.168.1.66','2025-12-03 17:51:14'),(0,6,'Kevin','Add Service','Added service for MAVIN, Vehicle: UAQ 388U, Type: RAV 4, Service: Full Wash, Price: 5000 UGX, Payment: paid','192.168.1.66','2025-12-03 17:53:19'),(0,6,'Kevin','Add Service','Added service for MAVIN, Vehicle: UBG 574N, Type: SUBARU, Service: Full Wash, Price: 5000 UGX, Payment: paid','192.168.1.66','2025-12-03 17:54:01'),(0,6,'Kevin','Add Service','Added service for MAVIN, Vehicle: UAM 096X, Type: STARLET, Service: Full Wash, Price: 5000 UGX, Payment: paid','192.168.1.66','2025-12-03 17:54:48'),(0,6,'Kevin','Add Service','Added service for MAVIN, Vehicle: UBM 001M, Type: DRON, Service: Full Wash, Price: 5000 UGX, Payment: paid','192.168.1.66','2025-12-03 17:55:19'),(0,6,'Kevin','Add Service','Added service for FRED, Vehicle: UBB 288L, Type: NOAH, Service: Full Wash, Price: 5000 UGX, Payment: paid','192.168.1.66','2025-12-03 17:55:54'),(0,0,'Adminstrator','Login Failed','Username not found','::1','2025-12-04 08:10:38'),(0,1,'Administrator','Login Success','User logged in successfully','::1','2025-12-04 08:11:31'),(0,1,'Administrator','Dashboard Access','Admin dashboard accessed','::1','2025-12-04 08:11:31'),(0,1,'Administrator','View Expenses','Fetched 0 records','::1','2025-12-04 08:11:57'),(0,1,'Administrator','View Expenses','Fetched 0 records','::1','2025-12-04 08:12:02'),(0,1,'Administrator','View Expenses','Fetched 0 records','::1','2025-12-04 08:12:06'),(0,1,'Administrator','View Expenses','Fetched 0 records','::1','2025-12-04 08:12:08'),(0,1,'Administrator','View Expenses','Fetched 0 records','::1','2025-12-04 08:12:14'),(0,1,'Administrator','Add Expense','Added expense: Machine Maitainace, Category: LUBRICANTS, Amount: 20000 UGX, Date: 2025-11-13','::1','2025-12-04 08:14:03'),(0,1,'Administrator','View Expenses','Fetched 1 records','::1','2025-12-04 08:14:03'),(0,1,'Administrator','Add Expense','Added expense: Water Pipe, Category: Machine, Amount: 24000 UGX, Date: 2025-11-13','::1','2025-12-04 08:14:39'),(0,1,'Administrator','View Expenses','Fetched 2 records','::1','2025-12-04 08:14:39'),(0,1,'Administrator','Add Expense','Added expense: Kevin Wage, Category: Wages, Amount: 150000 UGX, Date: 2025-11-13','::1','2025-12-04 08:15:20'),(0,1,'Administrator','View Expenses','Fetched 3 records','::1','2025-12-04 08:15:20'),(0,1,'Administrator','Add Expense','Added expense: Water, Category: NWSC, Amount: 320000 UGX, Date: 2025-11-20','::1','2025-12-04 08:16:03'),(0,1,'Administrator','View Expenses','Fetched 4 records','::1','2025-12-04 08:16:03'),(0,1,'Administrator','Viewed Reports Page','','::1','2025-12-04 08:16:29'),(0,1,'Administrator','View Expenses','Fetched 4 records','::1','2025-12-04 08:20:34'),(0,1,'Administrator','View Expense','Viewed expense ID 3','::1','2025-12-04 08:20:47'),(0,1,'Administrator','Update Expense','Updated expense ID: 3 to expense_name=\'Machine Maitainace\', category=\'Repair\', amount=20000, date=\'2025-12-04\'','::1','2025-12-04 08:21:06'),(0,1,'Administrator','Update Expense','Updated expense ID: 3 to expense_name=\'Machine Maitainace\', category=\'Repair\', amount=20000, date=\'2025-12-04\'','::1','2025-12-04 08:21:13'),(0,1,'Administrator','Add Expense','Added expense: Machine, Category: Repair, Amount: 75000 UGX, Date: 2025-11-20','::1','2025-12-04 08:21:46'),(0,1,'Administrator','View Expenses','Fetched 5 records','::1','2025-12-04 08:21:46'),(0,1,'Administrator','Viewed Reports Page','','::1','2025-12-04 08:21:56'),(0,1,'Administrator','Generate Service PDF','Generated service PDF with filters: Search=\'\', From=\'2025-11-01\', To=\'2025-11-30\', Limit=\'All\', Total Records: 173','::1','2025-12-04 08:23:17'),(0,1,'Administrator','Viewed Reports Page','','::1','2025-12-04 08:23:56'),(0,1,'Administrator','Dashboard Access','Admin dashboard accessed','::1','2025-12-04 08:24:25'),(0,1,'Administrator','Dashboard Access','Admin dashboard accessed','::1','2025-12-04 08:24:56'),(0,1,'Administrator','Viewed Reports Page','','::1','2025-12-04 08:25:12'),(0,1,'Administrator','Viewed Users Page','','::1','2025-12-04 08:25:31'),(0,1,'Administrator','Dashboard Access','Admin dashboard accessed','::1','2025-12-04 08:25:38'),(0,1,'Administrator','View Expenses','Fetched 5 records','::1','2025-12-04 08:25:42'),(0,8,'DaPEST','Login Success','User logged in successfully','192.168.1.67','2025-12-04 09:07:16'),(0,8,'DaPEST','Dashboard Access','Admin dashboard accessed','192.168.1.67','2025-12-04 09:07:16'),(0,8,'DaPEST','View Expenses','Fetched 5 records','192.168.1.67','2025-12-04 09:07:25'),(0,8,'DaPEST','Dashboard Access','Admin dashboard accessed','192.168.1.67','2025-12-04 09:08:25'),(0,8,'DaPEST','Logout','User logged out','192.168.1.67','2025-12-04 09:09:07'),(0,1,'Administrator','View Expenses','Fetched 5 records','::1','2025-12-04 09:11:21'),(0,1,'Administrator','Generate Expense PDF','Generated expense PDF with filters: Search=\'\', From=\'\', To=\'\', Limit=\'10\', Total Records: 5','::1','2025-12-04 09:11:22'),(0,1,'Administrator','View Expenses','Fetched 5 records','::1','2025-12-04 09:12:15'),(0,1,'Administrator','Dashboard Access','Admin dashboard accessed','::1','2025-12-04 09:12:30'),(0,1,'Administrator','View Expenses','Fetched 5 records','::1','2025-12-04 09:12:37'),(0,1,'Administrator','Dashboard Access','Admin dashboard accessed','::1','2025-12-04 09:12:51'),(0,1,'Administrator','Generate Full Report PDF','Filters: Search=\'\', From=\'\', To=\'\'','::1','2025-12-04 09:23:08'),(0,1,'Administrator','Generate Full Report PDF','Filters: Search=\'\', From=\'\', To=\'\'','::1','2025-12-04 09:24:39'),(0,1,'Administrator','Dashboard Access','Admin dashboard accessed','::1','2025-12-04 09:29:28'),(0,1,'Administrator','Generate General Report PDF','Filters: Search=\'\', From=\'2025-11-01\', To=\'2025-11-01\', Limit=\'10\', Services: 8, Expenses: 0','::1','2025-12-04 09:41:38'),(0,1,'Administrator','Generate General Report PDF','Filters: Search=\'\', From=\'2025-11-01\', To=\'2025-11-30\', Limit=\'10\', Services: 10, Expenses: 4','::1','2025-12-04 09:42:24'),(0,1,'Administrator','Generate General Report PDF','Filters: Search=\'\', From=\'2025-11-01\', To=\'2025-11-30\', Limit=\'All\', Services: 173, Expenses: 4','::1','2025-12-04 09:43:17'),(0,1,'Administrator','Generate Service PDF','Generated service PDF with filters: Search=\'\', From=\'2025-11-01\', To=\'2025-11-30\', Limit=\'All\', Total Records: 173','::1','2025-12-04 09:44:39'),(0,1,'Administrator','Generate General Report PDF','Filters: Search=\'\', From=\'2025-11-01\', To=\'2025-11-30\', Limit=\'All\', Services: 173, Expenses: 4','::1','2025-12-04 09:44:52'),(0,1,'Administrator','View Expenses','Fetched 5 records','::1','2025-12-04 09:45:24'),(0,1,'Administrator','Dashboard Access','Admin dashboard accessed','::1','2025-12-04 09:46:08'),(0,1,'Administrator','Generate General Report PDF','Filters: Search=\'\', From=\'\', To=\'\', Limit=\'10\', Services: 10, Expenses: 5','::1','2025-12-04 09:46:39'),(0,1,'Administrator','Generate Service PDF','Generated service PDF with filters: Search=\'\', From=\'2025-11-01\', To=\'2025-11-30\', Limit=\'10\', Total Records: 10','::1','2025-12-04 09:47:13'),(0,1,'Administrator','Generate Service PDF','Generated service PDF with filters: Search=\'\', From=\'2025-11-01\', To=\'2025-11-30\', Limit=\'All\', Total Records: 173','::1','2025-12-04 09:47:35'),(0,1,'Administrator','Generate General Report PDF','Filters: Search=\'\', From=\'2025-11-01\', To=\'2025-11-30\', Limit=\'All\', Services: 173, Expenses: 4','::1','2025-12-04 09:47:48'),(0,1,'Administrator','View Expenses','Fetched 5 records','::1','2025-12-04 09:48:18'),(0,1,'Administrator','View Expense','Viewed expense ID 3','::1','2025-12-04 09:48:33'),(0,1,'Administrator','Dashboard Access','Admin dashboard accessed','::1','2025-12-04 09:50:48'),(0,1,'Administrator','Generate General Report PDF','Filters: Search=\'\', From=\'2025-11-01\', To=\'2025-11-30\', Limit=\'10\', Services: 10, Expenses: 5','::1','2025-12-04 09:51:01'),(0,1,'Administrator','Generate General Report PDF','Filters: Search=\'\', From=\'2025-11-01\', To=\'2025-11-30\', Limit=\'All\', Services: 173, Expenses: 5','::1','2025-12-04 09:51:18'),(0,1,'Administrator','Generate General Report PDF','Filters: Search=\'\', From=\'2025-11-01\', To=\'2025-11-30\', Limit=\'All\', Services: 173, Expenses: 5','::1','2025-12-04 09:53:26'),(0,1,'Administrator','Generate General Report PDF','Filters: Search=\'\', From=\'2025-11-01\', To=\'2025-11-30\', Limit=\'All\', Services: 173, Expenses: 5','::1','2025-12-04 09:57:45'),(0,1,'Administrator','Generate General Report PDF','Filters: Search=\'\', From=\'2025-11-01\', To=\'2025-11-30\', Limit=\'All\', Services: 173, Expenses: 5','::1','2025-12-04 09:59:39'),(0,1,'Administrator','Generate General Report PDF','Filters: Search=\'\', From=\'2025-11-01\', To=\'2025-11-30\', Limit=\'All\', Services: 173, Expenses: 5','::1','2025-12-04 10:02:56'),(0,1,'Administrator','Generate General Report PDF','Filters: Search=\'\', From=\'2025-11-01\', To=\'2025-11-30\', Limit=\'All\', Services: 173, Expenses: 5','::1','2025-12-04 10:07:39'),(0,1,'Administrator','Generate General Report PDF','Filters: Search=\'\', From=\'2025-11-01\', To=\'2025-11-30\', Limit=\'All\', Services: 173, Expenses: 5','::1','2025-12-04 10:08:38'),(0,1,'Administrator','Generate General Report PDF','Filters: Search=\'\', From=\'2025-11-01\', To=\'2025-11-30\', Limit=\'All\', Services: 173, Expenses: 5','::1','2025-12-04 10:11:22'),(0,1,'Administrator','Generate General Report PDF','Filters: Search=\'\', From=\'2025-11-01\', To=\'2025-11-30\', Limit=\'All\', Services: 173, Expenses: 5','::1','2025-12-04 10:14:46'),(0,1,'Administrator','Generate General Report PDF','Filters: Search=\'nopa\', From=\'\', To=\'\', Limit=\'10\', Services: 0, Expenses: 0','::1','2025-12-04 10:16:27'),(0,1,'Administrator','Generate Service PDF','Generated service PDF with filters: Search=\'nopa\', From=\'\', To=\'\', Limit=\'10\', Total Records: 9','::1','2025-12-04 10:16:34'),(0,1,'Administrator','Generate General Report PDF','Filters: Search=\'\', From=\'2025-11-01\', To=\'2025-11-30\', Limit=\'All\', Services: 173, Expenses: 5','::1','2025-12-04 10:17:14'),(0,1,'Administrator','Generate General Report PDF','Filters: Search=\'\', From=\'2025-11-01\', To=\'2025-11-30\', Limit=\'All\', Services: 173, Expenses: 5','::1','2025-12-04 10:21:42'),(0,1,'Administrator','Generate General Report PDF','Filters: Search=\'\', From=\'2025-11-01\', To=\'\', Limit=\'All\', Services: 197, Expenses: 5','::1','2025-12-04 10:22:12'),(0,1,'Administrator','Generate General Report PDF','Filters: Search=\'\', From=\'\', To=\'\', Limit=\'All\', Services: 197, Expenses: 5','::1','2025-12-04 10:22:51'),(0,1,'Administrator','Generate Service PDF','Generated service PDF with filters: Search=\'nop\', From=\'\', To=\'\', Limit=\'All\', Total Records: 9','::1','2025-12-04 10:23:46'),(0,1,'Administrator','Dashboard Access','Admin dashboard accessed','::1','2025-12-04 10:23:54'),(0,1,'Administrator','Generate General Report PDF','Filters: Search=\'\', From=\'2025-11-01\', To=\'2025-11-30\', Limit=\'All\', Services: 173, Expenses: 5','::1','2025-12-04 10:28:45'),(0,1,'Administrator','Generate Service PDF','Generated service PDF with filters: Search=\'ubl\', From=\'\', To=\'\', Limit=\'All\', Total Records: 8','::1','2025-12-04 10:30:12'),(0,1,'Administrator','Generate General Report PDF','Filters: Search=\'ubl\', From=\'\', To=\'\', Limit=\'All\', Services: 8, Expenses: 0','::1','2025-12-04 10:30:20'),(0,1,'Administrator','View Expenses','Fetched 5 records','::1','2025-12-04 10:32:02'),(0,1,'Administrator','View Expense','Viewed expense ID 6','::1','2025-12-04 10:32:04'),(0,1,'Administrator','View Expenses','Fetched 5 records','::1','2025-12-04 10:38:58'),(0,1,'Administrator','View Expense','Viewed expense ID 6','::1','2025-12-04 10:39:01'),(0,1,'Administrator','View Expenses','Fetched 5 records','::1','2025-12-04 10:40:52'),(0,1,'Administrator','View Expense','Viewed expense ID 6','::1','2025-12-04 10:40:57'),(0,1,'Administrator','Update Expense','Updated expense ID: 6 to expense_name=\'Water\', category=\'NWSC\', amount=320000, date=\'2025-11-15\'','::1','2025-12-04 10:41:06'),(0,1,'Administrator','Update Expense','Updated expense ID: 6 to expense_name=\'Water\', category=\'NWSC\', amount=320000, date=\'2025-11-15\'','::1','2025-12-04 10:41:11'),(0,1,'Administrator','View Expenses','Fetched 5 records','::1','2025-12-04 10:47:17'),(0,1,'Administrator','View Expense','Viewed expense ID 7','::1','2025-12-04 10:47:22'),(0,1,'Administrator','Update Expense','Updated expense ID: 7 to expense_name=\'Machine\', category=\'Repair\', amount=75000, date=\'2025-11-15\'','::1','2025-12-04 10:47:31'),(0,1,'Administrator','Update Expense','Updated expense ID: 7 to expense_name=\'Machine\', category=\'Repair\', amount=75000, date=\'2025-11-15\'','::1','2025-12-04 10:47:37'),(0,1,'Administrator','View Expenses','Fetched 5 records','::1','2025-12-04 10:53:22'),(0,1,'Administrator','View Expenses','Fetched 5 records','::1','2025-12-04 10:53:23'),(0,1,'Administrator','View Expenses','Fetched 5 records','::1','2025-12-04 10:53:25'),(0,1,'Administrator','View Expenses','Fetched 5 records','::1','2025-12-04 10:53:27'),(0,1,'Administrator','View Expenses','Fetched 5 records','::1','2025-12-04 10:53:28'),(0,1,'Administrator','View Expenses','Fetched 5 records','::1','2025-12-04 10:53:34'),(0,1,'Administrator','View Expenses','Fetched 5 records','::1','2025-12-04 10:53:34'),(0,1,'Administrator','View Expenses','Fetched 0 records','::1','2025-12-04 10:53:43'),(0,1,'Administrator','View Expenses','Fetched 0 records','::1','2025-12-04 10:53:45'),(0,1,'Administrator','View Expenses','Fetched 5 records','::1','2025-12-04 10:53:48'),(0,1,'Administrator','View Expense','Viewed expense ID 6','::1','2025-12-04 10:53:51'),(0,1,'Administrator','View Expense','Viewed expense ID 6','::1','2025-12-04 10:54:00'),(0,1,'Administrator','Update Expense','Updated expense ID: 6 to expense_name=\'Water\', category=\'NWSC\', amount=320000, date=\'2025-11-20\'','::1','2025-12-04 10:54:04'),(0,1,'Administrator','View Expenses','Fetched 5 records','::1','2025-12-04 10:54:09'),(0,1,'Administrator','View Expenses','Fetched 5 records','::1','2025-12-04 10:58:07'),(0,1,'Administrator','View Expenses','Fetched 5 records','::1','2025-12-04 10:58:08'),(0,1,'Administrator','View Expense','Viewed expense ID 6','::1','2025-12-04 10:58:10'),(0,1,'Administrator','Update Expense','Updated expense ID: 6 to expense_name=\'Water\', category=\'NWSC\', amount=320000, date=\'2025-11-15\'','::1','2025-12-04 10:58:16'),(0,1,'Administrator','View Expenses','Fetched 5 records','::1','2025-12-04 10:58:21'),(0,1,'Administrator','View Expense','Viewed expense ID 6','::1','2025-12-04 10:58:26'),(0,1,'Administrator','Update Expense','Updated expense ID: 6 to expense_name=\'Water\', category=\'NWSC\', amount=320000, date=\'2025-11-20\'','::1','2025-12-04 10:58:34'),(0,1,'Administrator','View Expenses','Fetched 5 records','::1','2025-12-04 10:58:38'),(0,1,'Administrator','View Expenses','Fetched 5 records','::1','2025-12-04 11:01:02'),(0,1,'Administrator','View Expense','Viewed expense ID 6','::1','2025-12-04 11:01:04'),(0,1,'Administrator','Update Expense','Updated expense ID: 6 to expense_name=\'Water\', category=\'NWSC\', amount=320000, date=\'2025-11-15\'','::1','2025-12-04 11:01:08'),(0,1,'Administrator','View Expenses','Fetched 5 records','::1','2025-12-04 11:01:13'),(0,1,'Administrator','View Expense','Viewed expense ID 6','::1','2025-12-04 11:01:15'),(0,1,'Administrator','Update Expense','Updated expense ID: 6 to expense_name=\'Water\', category=\'NWSC\', amount=320000, date=\'2025-11-20\'','::1','2025-12-04 11:01:20'),(0,1,'Administrator','View Expenses','Fetched 5 records','::1','2025-12-04 11:01:24'),(0,1,'Administrator','View Expenses','Fetched 5 records','::1','2025-12-04 11:03:29'),(0,1,'Administrator','View Expenses','Fetched 4 records','::1','2025-12-04 11:03:31'),(0,1,'Administrator','View Expenses','Fetched 0 records','::1','2025-12-04 11:03:31'),(0,1,'Administrator','View Expenses','Fetched 0 records','::1','2025-12-04 11:03:31'),(0,1,'Administrator','View Expenses','Fetched 0 records','::1','2025-12-04 11:03:32'),(0,1,'Administrator','View Expenses','Fetched 0 records','::1','2025-12-04 11:03:33'),(0,1,'Administrator','View Expenses','Fetched 0 records','::1','2025-12-04 11:03:34'),(0,1,'Administrator','View Expenses','Fetched 4 records','::1','2025-12-04 11:03:34'),(0,1,'Administrator','View Expenses','Fetched 5 records','::1','2025-12-04 11:03:34'),(0,1,'Administrator','View Expense','Viewed expense ID 6','::1','2025-12-04 11:03:38'),(0,1,'Administrator','View Expenses','Fetched 5 records','::1','2025-12-04 11:03:55'),(0,1,'Administrator','Dashboard Access','Admin dashboard accessed','::1','2025-12-04 11:04:00'),(0,1,'Administrator','Generate General Report PDF','Filters: Search=\'\', From=\'2025-11-01\', To=\'2025-11-30\', Limit=\'All\', Services: 173, Expenses: 5','::1','2025-12-04 11:04:23'),(0,1,'Administrator','Dashboard Access','Admin dashboard accessed','::1','2025-12-04 11:04:41'),(0,1,'Administrator','Dashboard Access','Admin dashboard accessed','::1','2025-12-04 11:05:14');
/*!40000 ALTER TABLE `activity_log` ENABLE KEYS */;
UNLOCK TABLES;

--
-- Table structure for table `expenses`
--

DROP TABLE IF EXISTS `expenses`;
/*!40101 SET @saved_cs_client     = @@character_set_client */;
/*!50503 SET character_set_client = utf8mb4 */;
CREATE TABLE `expenses` (
  `id` int unsigned NOT NULL AUTO_INCREMENT,
  `expense_name` varchar(255) NOT NULL,
  `category` varchar(100) NOT NULL,
  `amount` decimal(10,2) NOT NULL,
  `added_by` varchar(100) NOT NULL,
  `date` date NOT NULL,
  `created_at` timestamp NULL DEFAULT CURRENT_TIMESTAMP,
  PRIMARY KEY (`id`)
) ENGINE=InnoDB AUTO_INCREMENT=8 DEFAULT CHARSET=utf8mb4 COLLATE=utf8mb4_0900_ai_ci;
/*!40101 SET character_set_client = @saved_cs_client */;

--
-- Dumping data for table `expenses`
--

LOCK TABLES `expenses` WRITE;
/*!40000 ALTER TABLE `expenses` DISABLE KEYS */;
INSERT INTO `expenses` VALUES (3,'Machine Maitainace','Repair',20000.00,'Administrator','2025-11-12','2025-12-04 08:14:03'),(4,'Water Pipe','Machine',24000.00,'Administrator','2025-11-13','2025-12-04 08:14:39'),(5,'Kevin Wage','Wages',150000.00,'Administrator','2025-11-13','2025-12-04 08:15:20'),(6,'Water','NWSC',320000.00,'Administrator','2025-11-20','2025-12-04 08:16:03'),(7,'Machine','Repair',75000.00,'Administrator','2025-11-15','2025-12-04 08:21:46');
/*!40000 ALTER TABLE `expenses` ENABLE KEYS */;
UNLOCK TABLES;

--
-- Table structure for table `service_types`
--

DROP TABLE IF EXISTS `service_types`;
/*!40101 SET @saved_cs_client     = @@character_set_client */;
/*!50503 SET character_set_client = utf8mb4 */;
CREATE TABLE `service_types` (
  `id` int NOT NULL AUTO_INCREMENT,
  `service_name` varchar(100) DEFAULT NULL,
  `price` decimal(10,2) DEFAULT NULL,
  PRIMARY KEY (`id`)
) ENGINE=InnoDB AUTO_INCREMENT=6 DEFAULT CHARSET=utf8mb4 COLLATE=utf8mb4_0900_ai_ci;
/*!40101 SET character_set_client = @saved_cs_client */;

--
-- Dumping data for table `service_types`
--

LOCK TABLES `service_types` WRITE;
/*!40000 ALTER TABLE `service_types` DISABLE KEYS */;
INSERT INTO `service_types` VALUES (1,'Exterior Wash',5000.00),(2,'Interior Cleaning',5000.00),(3,'Full Wash',5000.00),(4,'Engine Wash',3000.00),(5,'Bike Wash',3000.00);
/*!40000 ALTER TABLE `service_types` ENABLE KEYS */;
UNLOCK TABLES;

--
-- Table structure for table `services`
--

DROP TABLE IF EXISTS `services`;
/*!40101 SET @saved_cs_client     = @@character_set_client */;
/*!50503 SET character_set_client = utf8mb4 */;
CREATE TABLE `services` (
  `id` int NOT NULL AUTO_INCREMENT,
  `customer_name` varchar(100) DEFAULT NULL,
  `contact` varchar(20) DEFAULT NULL,
  `vehicle_number` varchar(50) DEFAULT NULL,
  `vehicle_type` varchar(50) DEFAULT NULL,
  `service_type` varchar(100) DEFAULT NULL,
  `price` decimal(10,2) DEFAULT NULL,
  `payment_status` enum('nopay','paid') CHARACTER SET utf8mb4 COLLATE utf8mb4_0900_ai_ci NOT NULL DEFAULT 'nopay',
  `added_by` varchar(100) DEFAULT NULL,
  `date` timestamp NULL DEFAULT CURRENT_TIMESTAMP,
  PRIMARY KEY (`id`)
) ENGINE=InnoDB AUTO_INCREMENT=213 DEFAULT CHARSET=utf8mb4 COLLATE=utf8mb4_0900_ai_ci;
/*!40101 SET character_set_client = @saved_cs_client */;

--
-- Dumping data for table `services`
--

LOCK TABLES `services` WRITE;
/*!40000 ALTER TABLE `services` DISABLE KEYS */;
INSERT INTO `services` VALUES (11,'Timothy','0700667769','UA 789H','ALIX','Full Wash',5000.00,'paid','Kevin','2025-11-06 17:01:40'),(12,'Timothy','0772668813','UBL 835S','Harrier','Full Wash',5000.00,'paid','Kevin','2025-11-06 17:02:42'),(13,'Timothy','0700667769','UBH 600P','Land Cruiser','Full Wash',5000.00,'paid','Kevin','2025-11-06 17:03:36'),(14,'Crepper','0753332233','UA 232BV','HILUX','Full Wash',5000.00,'paid','Kevin','2025-11-07 09:40:48'),(15,'TIMOTHY','0765345122','UBB133N','WISH','Full Wash',5000.00,'paid','Kevin','2025-11-07 11:57:22'),(16,'MAVIN','0772668813','UAL 967Q','IPSUM','Full Wash',5000.00,'paid','Kevin','2025-11-07 14:35:04'),(17,'TIMOTHY','0753332233','UA 983CF','HARRIER','Full Wash',5000.00,'paid','Kevin','2025-11-07 14:36:27'),(18,'Timothy','0703414971','UBR 9072','HULIX','Full Wash',5000.00,'paid','Kevin','2025-11-07 17:45:15'),(19,'FRED','0703414971','UBJ 903C','HARRIER','Full Wash',5000.00,'paid','Kevin','2025-11-07 17:45:48'),(20,'MAVIN','0753332233','UBB133N','WISH','Full Wash',5000.00,'paid','Kevin','2025-11-08 08:14:34'),(21,'MAVIN','0700667769','UBH 600P','FILDER','Full Wash',5000.00,'paid','Kevin','2025-11-08 08:16:16'),(22,'TIMOTHY','0753332233','UBN 787G','NOAH','Full Wash',5000.00,'paid','Kevin','2025-11-08 08:32:59'),(23,'TIMOTHY','0765345122','UA 509AX','SUBARU','Full Wash',5000.00,'paid','Kevin','2025-11-08 09:47:48'),(26,'MAVIN','0772668813','UAU 088Y','TX','Full Wash',5000.00,'paid','Kevin','2025-11-08 10:19:18'),(27,'MAVIN','0700667769','UBE737J','HILUX','Full Wash',5000.00,'paid','Kevin','2025-11-08 11:19:18'),(28,'TIMOTHY','0753332233','UBM 971U','FILDER','Full Wash',5000.00,'paid','Kevin','2025-11-08 13:53:16'),(29,'mavin','0703414971','UA 678J','HARRIER','Full Wash',5000.00,'paid','Kevin','2025-11-08 14:47:38'),(30,'Timothy','0703414971','UBR 9072','AELIX','Full Wash',5000.00,'paid','Kevin','2025-11-09 14:35:15'),(31,'Timothy','0703414971','UBM442H','FILDER','Full Wash',5000.00,'paid','Kevin','2025-11-09 14:35:35'),(32,'mavin','0703414971','UBJ 903C','NOAH','Full Wash',5000.00,'paid','Kevin','2025-11-09 14:36:06'),(33,'Timothy','0703414971','UBJ 903C','V8','Full Wash',5000.00,'paid','Kevin','2025-11-09 14:36:26'),(34,'mavin','0703414971','UBR 9072','LAND CRUSER','Full Wash',5000.00,'paid','Kevin','2025-11-09 14:36:55'),(35,'mavin','0703414971','UBJ 903C','HULIX','Full Wash',5000.00,'paid','Kevin','2025-11-09 14:37:09'),(36,'MAVIN','0772668813','UFG55','NISSAN','Full Wash',5000.00,'paid','Kevin','2025-11-09 14:37:29'),(37,'MAVIN','0753332233','UA 232BV','RAUM','Full Wash',5000.00,'paid','Kevin','2025-11-10 17:16:03'),(38,'TIMOTHY','0700667769','UBB133N','NOAH','Full Wash',5000.00,'paid','Kevin','2025-11-10 17:16:23'),(39,'TIMOTHY','0772668813','UBB133N','HARRIER','Full Wash',5000.00,'paid','Kevin','2025-11-10 17:16:44'),(43,'MAVIN','0700667769','UAL 967Q','IST','Full Wash',5000.00,'paid','Kevin','2025-11-11 09:02:18'),(44,'MAVIN','0753332233','UAL 110Q','VITZ','Full Wash',5000.00,'paid','Kevin','2025-11-11 09:04:31'),(45,'MAVIN','0772668813','UBE 658S','PREIMO','Full Wash',5000.00,'paid','Kevin','2025-11-11 09:05:02'),(46,'TIMOTHY','0700667769','UBH 600P','EXTREL','Full Wash',5000.00,'paid','Kevin','2025-11-11 17:17:43'),(47,'TIMOTHY','0753332233','UAL 967Q','NISSAN','Full Wash',5000.00,'paid','Kevin','2025-11-11 17:18:04'),(48,'TIMOTHY','0753332233','UBL 835S','PREIMO','Full Wash',5000.00,'paid','Kevin','2025-11-12 17:36:09'),(49,'TIMOTHY','0753332233','UAL 967Q','NISSAN','Full Wash',5000.00,'paid','Kevin','2025-11-12 17:36:53'),(50,'MAVIN','0700667769','UA 232BV','RAUM','Full Wash',5000.00,'paid','Kevin','2025-11-12 17:37:21'),(51,'MAVIN','0753332233','UBH 600P','Land Cruiser','Full Wash',5000.00,'paid','Kevin','2025-11-12 17:37:46'),(52,'MAVIN','0753332233','UAL 967Q','VANGAN','Full Wash',5000.00,'paid','Kevin','2025-11-12 17:38:22'),(53,'MAVIN','0772668813','UA 232BV','SUBARU','Full Wash',5000.00,'paid','Kevin','2025-11-12 17:38:59'),(54,'MAVIN','0753332233','UA 789H','STARET','Full Wash',5000.00,'paid','Kevin','2025-11-14 06:10:32'),(55,'MAVIN','0700667769','UA 789H','ISUZU','Full Wash',5000.00,'paid','Kevin','2025-11-14 06:11:00'),(56,'FRED','0772668813','UBH 600P','BENZ','Full Wash',5000.00,'paid','Kevin','2025-11-14 06:11:36'),(57,'TIMOTHY','0700667769','UBH 600P','KULGER','Full Wash',5000.00,'paid','Kevin','2025-11-14 06:12:06'),(58,'TIMOTHY','0753332233','UBH 600P','HARRIER','Full Wash',5000.00,'paid','Kevin','2025-11-14 06:12:40'),(59,'MAVIN','0700667769','UAL 967Q','GOLF','Full Wash',5000.00,'paid','Kevin','2025-11-14 06:13:05'),(60,'MAVIN','0772668813','UA 232BV','SENITA','Full Wash',5000.00,'paid','Kevin','2025-11-14 06:13:36'),(61,'TIMOTHY','0765345122','UBB133N','SENITA','Full Wash',5000.00,'paid','Kevin','2025-11-14 06:14:10'),(62,'MARVIN','0753332233','UBB133N','HARRIER','Full Wash',5000.00,'paid','Kevin','2025-11-14 06:14:50'),(63,'FRED','0700667769','UAL 967Q','TX','Full Wash',5000.00,'paid','Kevin','2025-11-14 06:15:30'),(64,'TIMOTHY','0700667769','UBB133N','TX','Full Wash',5000.00,'paid','Kevin','2025-11-19 10:41:39'),(65,'TIMOTHY','0700667769','UA 789H','probox','Full Wash',5000.00,'paid','Kevin','2025-11-19 10:42:10'),(66,'FRED','0753332233','UBH 600P','Motor Bike','Bike Wash',3000.00,'paid','Kevin','2025-11-19 10:43:24'),(67,'FRED','0772668813','UA 232BV','WISH','Full Wash',5000.00,'paid','Kevin','2025-11-19 10:43:47'),(68,'TIMOTHY','0753332233','UBL 835S','RAV 4','Full Wash',5000.00,'paid','Kevin','2025-11-19 10:44:18'),(69,'MAVIN','0772668813','UBH 600P','TX','Full Wash',5000.00,'paid','Kevin','2025-11-19 10:45:12'),(70,'TIMOTHY','0753332233','UAL 967Q','NOAH','Full Wash',5000.00,'paid','Kevin','2025-11-19 10:45:45'),(71,'TIMOTHY','0700667769','UBL 835S','SUBARU','Full Wash',5000.00,'paid','Kevin','2025-11-19 10:46:11'),(72,'MAVIN','0753332233','UA 789H','RANGE ROVER','Full Wash',5000.00,'paid','Kevin','2025-11-19 10:46:48'),(73,'FRED','0765345122','UAL 967Q','HARRIER','Full Wash',5000.00,'paid','Kevin','2025-11-19 10:47:14'),(74,'TIMOTHY','0753332233','UBH 600P','HARRIER','Full Wash',5000.00,'paid','Kevin','2025-11-19 10:47:36'),(75,'FRED','0700667769','UBL 835S','LEGACY','Full Wash',5000.00,'paid','Kevin','2025-11-19 10:48:39'),(76,'FRED','0772668813','UA 789H','PROBOX','Full Wash',5000.00,'paid','Kevin','2025-11-19 10:49:11'),(77,'TIMOTHY','0700667769','UBH 600P','HILUX','Full Wash',5000.00,'paid','Kevin','2025-11-19 10:49:40'),(78,'FRED','0765345122','UBL 835S','FILDER','Full Wash',5000.00,'paid','Kevin','2025-11-19 10:50:13'),(79,'TIMOTHY','0753332233','UAL 967Q','HARRIER','Full Wash',5000.00,'paid','Kevin','2025-11-19 10:52:21'),(80,'FRED','0765345122','UBH 600P','PROBOX','Full Wash',5000.00,'paid','Kevin','2025-11-19 10:52:57'),(81,'FRED','0772668813','UBL 835S','WISH','Full Wash',5000.00,'paid','Kevin','2025-11-19 10:53:26'),(82,'TIMOTHY','0753332233','UBL 835S','ALEX','Full Wash',5000.00,'paid','Kevin','2025-11-19 10:53:53'),(83,'FRED','0772668813','UBB133N','VITZ','Full Wash',5000.00,'paid','Kevin','2025-11-19 10:54:29'),(84,'FRED','0765345122','UBH 600P','MARK X','Full Wash',5000.00,'paid','Kevin','2025-11-19 10:57:26'),(85,'TIMOTHY','0772668813','UBH 600P','V8','Full Wash',5000.00,'paid','Kevin','2025-11-19 10:57:58'),(86,'TIMOTHY','0753332233','UBB133N','SEINTA','Full Wash',5000.00,'paid','Kevin','2025-11-19 10:58:51'),(87,'FRED','0753332233','UBH 600P','PREIMO','Full Wash',5000.00,'paid','Kevin','2025-11-19 17:30:49'),(88,'TIMOTHY','0700667769','UBH 600P','Motor Bike','Bike Wash',3000.00,'nopay','Kevin','2025-11-19 17:31:28'),(89,'TIMOTHY','0700667769','UA 789H','RAV 4','Full Wash',5000.00,'paid','Kevin','2025-11-19 17:33:52'),(90,'TIMOTHY','0700667769','UA 232BV','VITZ','Full Wash',5000.00,'nopay','Kevin','2025-11-19 17:34:19'),(91,'TIMOTHY','0753332233','UA 789H','SUBARIU','Full Wash',5000.00,'nopay','Kevin','2025-11-19 17:34:51'),(92,'TIMOTHY','0772668813','UBB133N','HILUX','Full Wash',5000.00,'nopay','Kevin','2025-11-19 17:35:38'),(93,'FRED','0700667769','UBH 600P','BENZ','Full Wash',5000.00,'paid','Kevin','2025-11-19 17:36:08'),(94,'FRED','0765345122','UAL 967Q','FILDER','Full Wash',5000.00,'paid','Kevin','2025-11-19 17:37:11'),(95,'MAVIN','0754322445','UG 290071','HILUX','Full Wash',5000.00,'paid','Kevin','2025-11-21 08:50:37'),(96,'TIMOTHY','0752416726','UA 766AQ','SUBARU','Full Wash',5000.00,'paid','Kevin','2025-11-21 08:51:40'),(97,'TIMOTHY','075154252','UBN 086V','RAWUM','Full Wash',5000.00,'paid','Kevin','2025-11-21 08:52:33'),(98,'TIMOTHY','0752472822','SSD 477BR','NOAH','Full Wash',5000.00,'paid','Kevin','2025-11-21 08:53:27'),(99,'TRAVOR','0751452611','UAH245B','CORONA','Full Wash',5000.00,'paid','Kevin','2025-11-21 08:54:14'),(100,'MAVIN','0751426712','UAS 415Q','HARRIER','Full Wash',5000.00,'paid','Kevin','2025-11-21 08:55:09'),(101,'MAVIN','0752416726','UA69ZLC','NOAH','Full Wash',5000.00,'paid','Kevin','2025-11-21 17:03:25'),(102,'MAVIN','0752416726','UAR290A','ISUZU','Full Wash',5000.00,'paid','Kevin','2025-11-21 17:04:11'),(103,'MAVIN','0765345122','UBH 509C','SUBARU','Full Wash',5000.00,'paid','Kevin','2025-11-21 17:04:56'),(104,'FRED','0752416726','UBG 4105J','MARK X','Full Wash',5000.00,'paid','Kevin','2025-11-21 17:05:46'),(105,'TIMOTHY','0753332233','UG 2576E','HILUX','Full Wash',5000.00,'paid','Kevin','2025-11-21 17:06:37'),(106,'MAVIN','0700667769','UBS 055A','RAUM','Full Wash',5000.00,'paid','Kevin','2025-11-21 17:07:16'),(107,'MAVIN','0772668813','UAU 088V','TX','Full Wash',5000.00,'paid','Kevin','2025-11-21 17:08:06'),(108,'TIMOTHY','0772668813','UAK 860F','CALDERA','Full Wash',5000.00,'paid','Kevin','2025-11-21 17:09:25'),(109,'MAVIN','0708982236','UBG 976G','VITZ','Full Wash',5000.00,'paid','Kevin','2025-11-25 16:32:41'),(110,'TIMOTHY','0708982236','UBN 787G','PREMIO','Full Wash',5000.00,'paid','Kevin','2025-11-25 16:35:41'),(111,'MAVIN','0708982236','UBQ 224Y','NOAH','Full Wash',5000.00,'paid','Kevin','2025-11-25 16:36:42'),(112,'TIMOTHY','0708982236','UBN 086V','TX','Full Wash',5000.00,'paid','Kevin','2025-11-25 16:37:17'),(113,'MAVIN','0708982236','UA 766A2','MARK X','Full Wash',5000.00,'paid','Kevin','2025-11-25 16:37:54'),(114,'MAVIN','0708982236','UBG 976G','SUBARU','Full Wash',5000.00,'paid','Kevin','2025-11-25 16:38:29'),(115,'MAVIN','0708982236','UBE 882K','KULGER','Full Wash',5000.00,'paid','Kevin','2025-11-25 16:39:17'),(116,'TIMOTHY','0708982236','UBS 316Z','RUMION','Full Wash',5000.00,'paid','Kevin','2025-11-25 16:40:34'),(117,'TIMOTHY','0708982236','UBD 227X','NISSAN','Full Wash',5000.00,'paid','Kevin','2025-11-25 16:41:23'),(118,'TIMOTHY','0708982236','UBJ 979T','TX','Full Wash',5000.00,'paid','Kevin','2025-11-25 16:42:02'),(119,'TIMOTHY','0708982236','UBQ 910H','FILDER','Full Wash',5000.00,'paid','Kevin','2025-11-25 16:47:18'),(120,'MAVIN','0708982236','UBN 086V','CALDINA','Full Wash',5000.00,'paid','Kevin','2025-11-25 18:03:47'),(121,'MAVIN','0708982236','UAV 455P','VITZ','Full Wash',5000.00,'paid','Kevin','2025-11-25 18:04:22'),(122,'MAVIN','0708982236','UBQ460H','HARRIER','Full Wash',5000.00,'paid','Kevin','2025-11-25 18:05:06'),(123,'MARVIN','0708982236','UDQ 100','BIKE','Full Wash',5000.00,'paid','Kevin','2025-11-25 18:08:47'),(124,'MAVIN','0708982236','UAZ 9085','GOLF','Full Wash',5000.00,'paid','Kevin','2025-11-25 18:13:54'),(125,'MAVIN','0708982236','UBE 658S','PREMIO','Full Wash',5000.00,'paid','Kevin','2025-11-26 16:40:08'),(126,'TIMOTHY','0708982236','UAG 625N','RAV 4','Full Wash',5000.00,'paid','Kevin','2025-11-26 16:40:46'),(127,'MAVIN','0708982236','UBF 128Y','ALPHARD','Full Wash',5000.00,'paid','Kevin','2025-11-26 16:41:49'),(128,'MAVIN','0708982236','UAS 213M','RAUM','Full Wash',5000.00,'paid','Kevin','2025-11-26 16:42:35'),(129,'MAVIN','0708982236','UA 297CQ','NOAH','Full Wash',5000.00,'paid','Kevin','2025-11-26 16:43:14'),(130,'TIMOTHY','0708982236','UAP 727A','NOAH','Full Wash',5000.00,'paid','Kevin','2025-11-26 16:43:57'),(131,'MAVIN','0708982236','UAN 404T','NOAH','Full Wash',5000.00,'paid','Kevin','2025-11-26 16:44:38'),(132,'MAVIN','0708982236','UBE 6585','WISH','Full Wash',5000.00,'paid','Kevin','2025-11-27 07:06:24'),(133,'TIMOTHY','0708982236','UAP 113A','HARRIER','Full Wash',5000.00,'paid','Kevin','2025-11-27 07:06:57'),(134,'TIMOTHY','0708982236','UBC 321Y','SUBARU','Full Wash',5000.00,'paid','Kevin','2025-11-27 07:07:35'),(135,'MAVIN','0708982236','UAZ 994T','ALEX','Full Wash',5000.00,'nopay','Kevin','2025-11-27 07:08:15'),(136,'MAVIN','0708982236','UBH 432R','GOLF','Full Wash',5000.00,'paid','Kevin','2025-11-27 07:08:55'),(137,'TIMOTHY','0708982236','UBA 277A','KULGER','Full Wash',5000.00,'paid','Kevin','2025-11-27 07:09:29'),(138,'FRED','0708982236','UBG 976G','PREMIO','Full Wash',5000.00,'paid','Kevin','2025-11-01 07:15:01'),(139,'MAVIN','0708982236','UBG 976G','ISUZU','Full Wash',5000.00,'paid','Kevin','2025-11-01 07:15:30'),(140,'TIMOTHY','0708982236','UBG 976G','HARRIER','Full Wash',5000.00,'paid','Kevin','2025-11-01 07:16:58'),(141,'MAVIN','0708982236','UBG 976G','HILUX','Full Wash',5000.00,'paid','Kevin','2025-11-01 07:17:28'),(142,'FRED','0708982236','UBG 976G','HARRIER','Full Wash',5000.00,'paid','Kevin','2025-11-01 07:18:22'),(143,'TIMOTHY','0708982236','UBG 976G','SUBARU','Full Wash',5000.00,'paid','Kevin','2025-11-01 07:18:50'),(144,'FRED','0708982236','UBG 976G','PREMIO','Full Wash',5000.00,'nopay','Kevin','2025-11-01 07:19:25'),(145,'MAVIN','0708982236','UBG 976G','VITZ','Full Wash',5000.00,'nopay','Kevin','2025-11-01 07:19:57'),(146,'TIMOTHY','0708982236','UBG 976G','RAV4','Full Wash',5000.00,'paid','Kevin','2025-11-02 07:23:38'),(147,'MAVIN','0708982236','UBG 976G','STARLET','Full Wash',5000.00,'paid','Kevin','2025-11-02 07:24:05'),(148,'MAVIN','0708982236','UBG 976G','TX','Full Wash',5000.00,'paid','Kevin','2025-11-02 07:24:25'),(149,'MAVIN','0708982236','UA 766A2','NOAH','Full Wash',5000.00,'paid','Kevin','2025-11-03 07:26:36'),(150,'MAVIN','0708982236','UA 766A2','SUBARU','Full Wash',5000.00,'paid','Kevin','2025-11-03 07:26:59'),(151,'MAVIN','0708982236','UA 766A2','LANDCRUSER','Full Wash',5000.00,'paid','Kevin','2025-11-03 07:27:33'),(152,'TIMOTHY','0708982236','UA 766A2','HILUX','Full Wash',5000.00,'paid','Kevin','2025-11-03 07:27:56'),(153,'TIMOTHY','0708982236','UA 766A2','VITZ','Full Wash',5000.00,'paid','Kevin','2025-11-03 07:28:29'),(154,'MAVIN','0708982236','UA 766A2','WISH','Full Wash',5000.00,'paid','Kevin','2025-11-03 07:29:56'),(155,'FRED','0708982236','UA 766A2','FILDER','Full Wash',5000.00,'paid','Kevin','2025-11-03 07:30:43'),(156,'FRED','0708982236','UA 766A2','SUBARU','Full Wash',5000.00,'paid','Kevin','2025-11-03 07:31:07'),(157,'MAVIN','0708982236','UA 766A2','HARRIER','Full Wash',5000.00,'paid','Kevin','2025-11-03 07:31:30'),(158,'TIMOTHY','0708982236','UA 766A2','MARK 2','Full Wash',5000.00,'paid','Kevin','2025-11-03 07:32:18'),(159,'TIMOTHY','0708982236','UBE 882K','PREMIO','Full Wash',5000.00,'paid','Kevin','2025-11-04 07:33:15'),(160,'TIMOTHY','0708982236','UBE 882K','RAUM','Full Wash',5000.00,'paid','Kevin','2025-11-04 07:34:00'),(161,'MAVIN','0708982236','UBE 882K','VITZ','Full Wash',5000.00,'paid','Kevin','2025-11-04 07:34:19'),(162,'MAVIN','0708982236','UBE 882K','SIENTA','Full Wash',5000.00,'paid','Kevin','2025-11-04 07:34:40'),(163,'TIMOTHY','0708982236','UBE 882K','HARRIER','Full Wash',5000.00,'paid','Kevin','2025-11-04 07:34:59'),(164,'TIMOTHY','0708982236','UBQ 224Y','NOAH','Full Wash',5000.00,'paid','Kevin','2025-11-05 07:35:57'),(165,'TIMOTHY','0708982236','UBQ 224Y','NOAH','Full Wash',5000.00,'paid','Kevin','2025-11-05 07:36:20'),(166,'MAVIN','0708982236','UBQ 224Y','NISSAN','Full Wash',5000.00,'paid','Kevin','2025-11-05 07:36:47'),(167,'MAVIN','0708982236','UBQ 224Y','LANDCRUSER','Full Wash',5000.00,'paid','Kevin','2025-11-05 07:37:11'),(168,'TIMOTHY','0708982236','UAJ 257Y','RAV 4','Full Wash',5000.00,'paid','Kevin','2025-11-28 16:29:18'),(169,'MAVIN','0708982236','UAR 290A','ISUZU','Full Wash',5000.00,'paid','Kevin','2025-11-28 16:30:05'),(170,'MAVIN','0708982236','UBE 652Q','RAUM','Full Wash',5000.00,'paid','Kevin','2025-11-28 16:30:42'),(171,'TIMOTHY','0708982236','UAL 133A','PREMIO','Full Wash',5000.00,'paid','Kevin','2025-11-28 16:31:28'),(172,'TIMOTHY','0708982236','UAT 191Q','LAND ROVER','Full Wash',5000.00,'paid','Kevin','2025-11-28 16:32:04'),(173,'MAVIN','0708982236','UA 864AL','NOAH','Full Wash',5000.00,'paid','Kevin','2025-11-28 16:33:16'),(174,'MAVIN','0708982236','UAA5180','STARLET','Full Wash',5000.00,'paid','Kevin','2025-11-29 17:12:37'),(175,'MAVIN','0708982236','UBM 184H','RAUM','Full Wash',5000.00,'paid','Kevin','2025-11-29 17:13:32'),(176,'MAVIN','0708982236','UBG405J','MARK X','Full Wash',5000.00,'paid','Kevin','2025-11-29 17:14:11'),(177,'MAVIN','0708982236','UA 405AG','HARRIER','Full Wash',5000.00,'paid','Kevin','2025-11-29 17:15:06'),(178,'MAVIN','0708982236','UBN 787G','DRON','Full Wash',5000.00,'paid','Kevin','2025-11-29 17:15:31'),(179,'TIMOTHY','0708982236','UA 509AX','SUBARU','Full Wash',5000.00,'paid','Kevin','2025-11-29 17:18:08'),(180,'TIMOTHY','0708982236','UBS 509H','SEINT','Full Wash',5000.00,'paid','Kevin','2025-11-29 17:18:54'),(181,'TIMOTHY','0708982236','UA766AQ','SUBARU','Full Wash',5000.00,'paid','Kevin','2025-11-29 17:20:11'),(182,'TIMOTHY','0708982236','UBN 086V','TX','Full Wash',5000.00,'paid','Kevin','2025-11-29 17:20:49'),(183,'TRAVOR','0708982236','UBG405J','VITZ','Full Wash',5000.00,'nopay','Kevin','2025-11-29 17:33:30'),(184,'TIMOTHY','0708982236','UAZ 994T','ALEX','Full Wash',5000.00,'paid','Kevin','2025-11-30 17:27:04'),(185,'MAVIN','0708982236','UG 2377C','LANDCRUSER','Full Wash',5000.00,'paid','Kevin','2025-11-30 17:29:24'),(186,'TIMOTHY','0708982236','UAJ 257Y','SUBARU','Full Wash',5000.00,'paid','Kevin','2025-11-30 17:30:01'),(187,'KENNETH','0708982236','UBB 230G','NOAH','Full Wash',5000.00,'paid','Kevin','2025-11-30 17:31:03'),(188,'KENNETH','0708982236','UBQ 029S','SUBARU','Full Wash',5000.00,'nopay','Kevin','2025-11-30 17:31:56'),(189,'MAVIN','0708982236','UBJ 953B','SUBARU','Full Wash',5000.00,'paid','Kevin','2025-12-01 17:49:12'),(190,'MAVIN','0708982236','UBR 574K','NOAH','Full Wash',5000.00,'paid','Kevin','2025-12-01 17:49:47'),(191,'MAVIN','0708982236','UBS 203H','LANDCRUSER','Full Wash',5000.00,'paid','Kevin','2025-12-01 17:52:18'),(192,'MAVIN','0708982236','UAZ 994T','HARRIER','Full Wash',5000.00,'paid','Kevin','2025-12-01 17:52:42'),(193,'TIMOTHY','0708982236','UAZ 9085','SENTA','Full Wash',5000.00,'paid','Kevin','2025-12-01 17:56:18'),(194,'MAVIN','0708982236','UBK 540R','HARRIER','Full Wash',5000.00,'paid','Kevin','2025-12-01 17:56:56'),(195,'MAVIN','0708982236','UBE 388V','ISUZU','Full Wash',5000.00,'paid','Kevin','2025-12-01 17:57:34'),(196,'MAVIN','0708982236','UBA 573H','VITZ','Full Wash',5000.00,'paid','Kevin','2025-12-01 17:58:09'),(197,'TIMOTHY','0708982236','SSD 2208Y','SUBARU','Full Wash',5000.00,'paid','Kevin','2025-12-01 17:58:57'),(198,'TIMOTHY','0708982236','UAL 384L','NOAH','Full Wash',5000.00,'paid','Kevin','2025-12-01 17:59:26'),(199,'MAVIN','0708982236','UAL 384L','NOAH','Full Wash',5000.00,'paid','Kevin','2025-12-01 17:59:58'),(200,'TIMOTHY','0708982236','UAL 986Y','LAND ROVER','Full Wash',5000.00,'paid','Kevin','2025-12-02 17:33:47'),(201,'MAVIN','0708982236','UAR 290A','ISUZU','Full Wash',5000.00,'paid','Kevin','2025-12-02 17:34:21'),(202,'WISH','0708982236','UBB 133N','WISH','Full Wash',5000.00,'paid','Kevin','2025-12-02 17:34:49'),(203,'TIMOTHY','0758524428','UAJ 251Y','RAV 4','Full Wash',5000.00,'paid','Kevin','2025-12-03 17:14:25'),(204,'TIMOTHY','0758524428','UAP 727A','NOAH','Full Wash',5000.00,'paid','Kevin','2025-12-03 17:15:04'),(205,'TIMOTHY','0758524428','UBR 084L','NOAH','Full Wash',5000.00,'paid','Kevin','2025-12-03 17:15:30'),(206,'TIMOTHY','0758524428','UA 509AX','SUBARU','Full Wash',5000.00,'paid','Kevin','2025-12-03 17:15:56'),(207,'MAVIN','0758524428','UBE 6585','PREMO','Full Wash',5000.00,'paid','Kevin','2025-12-03 17:51:14'),(208,'MAVIN','0758524428','UAQ 388U','RAV 4','Full Wash',5000.00,'paid','Kevin','2025-12-03 17:53:19'),(209,'MAVIN','0758524428','UBG 574N','SUBARU','Full Wash',5000.00,'paid','Kevin','2025-12-03 17:54:01'),(210,'MAVIN','0758524428','UAM 096X','STARLET','Full Wash',5000.00,'paid','Kevin','2025-12-03 17:54:48'),(211,'MAVIN','0758524428','UBM 001M','DRON','Full Wash',5000.00,'paid','Kevin','2025-12-03 17:55:19'),(212,'FRED','0758524428','UBB 288L','NOAH','Full Wash',5000.00,'paid','Kevin','2025-12-03 17:55:54');
/*!40000 ALTER TABLE `services` ENABLE KEYS */;
UNLOCK TABLES;

--
-- Table structure for table `users`
--

DROP TABLE IF EXISTS `users`;
/*!40101 SET @saved_cs_client     = @@character_set_client */;
/*!50503 SET character_set_client = utf8mb4 */;
CREATE TABLE `users` (
  `id` int NOT NULL AUTO_INCREMENT,
  `username` varchar(100) DEFAULT NULL,
  `password` varchar(255) DEFAULT NULL,
  `role` enum('admin','staff') DEFAULT 'staff',
  PRIMARY KEY (`id`),
  UNIQUE KEY `username` (`username`)
) ENGINE=InnoDB AUTO_INCREMENT=9 DEFAULT CHARSET=utf8mb4 COLLATE=utf8mb4_0900_ai_ci;
/*!40101 SET character_set_client = @saved_cs_client */;

--
-- Dumping data for table `users`
--

LOCK TABLES `users` WRITE;
/*!40000 ALTER TABLE `users` DISABLE KEYS */;
INSERT INTO `users` VALUES (1,'Administrator','$2y$10$h/Ui2etNwHSrlP8fFY/KcufJ7E.ciBvIqYRhSZMAqHb4zV6tOubbO','admin'),(6,'Kevin','$2y$10$O391mb7TEHrGffYek1LNEumgedusZto1d3WC6m5Un1ipoHbhkGnnm','staff'),(7,'Frank','$2y$10$nMqP8OTrhpVMl4Ja84OdzO3IGV5H6bhsPjFxKGT2sQobanvWqFBFG','admin'),(8,'DaPEST','$2y$10$yf3E0O1BNSczxfxWylfd9u4arivO5pmfAEpFxYFHs5KxOw77nWxii','admin');
/*!40000 ALTER TABLE `users` ENABLE KEYS */;
UNLOCK TABLES;
/*!40103 SET TIME_ZONE=@OLD_TIME_ZONE */;

/*!40101 SET SQL_MODE=@OLD_SQL_MODE */;
/*!40014 SET FOREIGN_KEY_CHECKS=@OLD_FOREIGN_KEY_CHECKS */;
/*!40014 SET UNIQUE_CHECKS=@OLD_UNIQUE_CHECKS */;
/*!40101 SET CHARACTER_SET_CLIENT=@OLD_CHARACTER_SET_CLIENT */;
/*!40101 SET CHARACTER_SET_RESULTS=@OLD_CHARACTER_SET_RESULTS */;
/*!40101 SET COLLATION_CONNECTION=@OLD_COLLATION_CONNECTION */;
/*!40111 SET SQL_NOTES=@OLD_SQL_NOTES */;

-- Dump completed on 2025-12-04 14:05:19
